Sales_Date,Store ID,Product ID,Quantity,Revenue,day_of_week,month,is_weekend
2023-01-01,1,4,2,90.0,6,1,True
2023-01-01,1,13,1,14.1,6,1,True
2023-01-01,1,15,2,50.0,6,1,True
2023-01-01,1,39,8,34.2,6,1,True
2023-01-01,1,56,2,30.0,6,1,True
2023-01-01,1,65,4,79.2,6,1,True
2023-01-01,1,91,1,21.3,6,1,True
2023-01-01,1,92,6,78.0,6,1,True
2023-01-01,1,93,3,75.0,6,1,True
2023-01-01,1,108,1,31.5,6,1,True
2023-01-01,1,109,3,19.0,6,1,True
2023-01-01,1,117,4,73.2,6,1,True
2023-01-01,1,118,1,42.5,6,1,True
2023-01-01,1,134,1,34.5,6,1,True
2023-01-01,1,143,4,86.4,6,1,True
2023-01-01,1,145,1,26.0,6,1,True
2023-01-01,1,160,3,76.5,6,1,True
2023-01-01,1,169,2,49.8,6,1,True
2023-01-01,1,170,1,34.0,6,1,True
2023-01-01,1,171,4,84.0,6,1,True
2023-01-01,1,186,1,23.0,6,1,True
2023-01-01,1,187,1,26.0,6,1,True
2023-01-01,1,195,3,60.300000000000004,6,1,True
2023-01-01,1,196,5,95.0,6,1,True
2023-01-01,1,197,1,28.0,6,1,True
2023-01-01,1,221,2,40.8,6,1,True
2023-01-01,1,223,1,16.0,6,1,True
2023-01-01,1,238,1,30.5,6,1,True
2023-01-01,1,239,1,18.0,6,1,True
2023-01-01,1,247,2,42.0,6,1,True
2023-01-01,1,248,3,40.5,6,1,True
2023-01-01,1,249,1,26.0,6,1,True
2023-01-01,2,4,1,45.0,6,1,True
2023-01-01,2,13,2,28.2,6,1,True
2023-01-01,2,14,1,19.0,6,1,True
2023-01-01,2,30,1,26.0,6,1,True
2023-01-01,2,31,1,14.0,6,1,True
2023-01-01,2,39,5,85.5,6,1,True
2023-01-01,2,40,1,16.0,6,1,True
2023-01-01,2,41,1,21.0,6,1,True
2023-01-01,2,56,1,15.0,6,1,True
2023-01-01,2,57,2,31.0,6,1,True
2023-01-01,2,67,2,57.0,6,1,True
2023-01-01,2,93,1,25.0,6,1,True
2023-01-01,2,117,5,91.5,6,1,True
2023-01-01,2,118,2,85.0,6,1,True
2023-01-01,2,143,4,86.4,6,1,True
2023-01-01,2,144,1,43.0,6,1,True
2023-01-01,2,145,2,52.0,6,1,True
2023-01-01,2,169,1,24.9,6,1,True
2023-01-01,2,187,1,26.0,6,1,True
2023-01-01,2,195,3,60.300000000000004,6,1,True
2023-01-01,2,197,1,28.0,6,1,True
2023-01-01,2,221,1,20.4,6,1,True
2023-01-01,2,222,1,18.5,6,1,True
2023-01-01,2,238,1,30.5,6,1,True
2023-01-01,2,247,1,21.0,6,1,True
2023-01-01,2,249,1,26.0,6,1,True
2023-01-01,3,13,1,14.1,6,1,True
2023-01-01,3,30,1,26.0,6,1,True
2023-01-01,3,39,3,51.300000000000004,6,1,True
2023-01-01,3,82,2,37.0,6,1,True
2023-01-01,3,91,1,21.3,6,1,True
2023-01-01,3,117,1,18.3,6,1,True
2023-01-01,3,119,1,23.0,6,1,True
2023-01-01,3,134,1,34.5,6,1,True
2023-01-01,3,144,1,43.0,6,1,True
2023-01-01,3,160,1,25.5,6,1,True
2023-01-01,3,171,1,21.0,6,1,True
2023-01-01,3,195,1,20.1,6,1,True
2023-01-01,3,196,1,19.0,6,1,True
2023-01-01,3,197,1,28.0,6,1,True
2023-01-01,3,213,1,27.5,6,1,True
2023-01-01,3,221,1,20.4,6,1,True
2023-01-01,3,238,1,30.5,6,1,True
2023-01-01,3,247,1,21.0,6,1,True
2023-01-01,4,5,1,17.0,6,1,True
2023-01-01,4,13,3,42.3,6,1,True
2023-01-01,4,15,2,50.0,6,1,True
2023-01-01,4,31,1,14.0,6,1,True
2023-01-01,4,39,1,17.1,6,1,True
2023-01-01,4,40,1,16.0,6,1,True
2023-01-01,4,65,4,79.2,6,1,True
2023-01-01,4,67,1,28.5,6,1,True
2023-01-01,4,91,3,63.900000000000006,6,1,True
2023-01-01,4,92,3,39.0,6,1,True
2023-01-01,4,117,1,18.3,6,1,True
2023-01-01,4,118,3,127.5,6,1,True
2023-01-01,4,144,1,43.0,6,1,True
2023-01-01,4,145,1,26.0,6,1,True
2023-01-01,4,195,3,60.300000000000004,6,1,True
2023-01-01,4,221,1,20.4,6,1,True
2023-01-01,4,222,1,18.5,6,1,True
2023-01-01,4,239,1,18.0,6,1,True
2023-01-01,4,247,1,21.0,6,1,True
2023-01-01,4,249,1,26.0,6,1,True
2023-01-01,5,5,1,17.0,6,1,True
2023-01-01,5,13,1,14.1,6,1,True
2023-01-01,5,31,1,14.0,6,1,True
2023-01-01,5,41,1,21.0,6,1,True
2023-01-01,5,65,1,19.8,6,1,True
2023-01-01,5,118,1,42.5,6,1,True
2023-01-01,5,143,3,64.80000000000001,6,1,True
2023-01-01,5,144,2,86.0,6,1,True
2023-01-01,5,160,1,25.5,6,1,True
2023-01-01,5,171,3,63.0,6,1,True
2023-01-01,5,195,1,20.1,6,1,True
2023-01-01,5,213,1,27.5,6,1,True
2023-01-01,5,221,2,40.8,6,1,True
2023-01-01,6,14,1,145.5,6,1,True
2023-01-01,6,65,2,304.2,6,1,True
2023-01-01,6,67,1,218.5,6,1,True
2023-01-01,6,82,1,142.5,6,1,True
2023-01-01,6,92,1,99.0,6,1,True
2023-01-01,6,108,1,241.5,6,1,True
2023-01-01,6,109,1,145.5,6,1,True
2023-01-01,6,117,3,419.4,6,1,True
2023-01-01,6,143,1,165.9,6,1,True
2023-01-01,6,169,2,384.6,6,1,True
2023-01-01,6,196,1,145.5,6,1,True
2023-01-01,6,223,2,245.0,6,1,True
2023-01-01,6,238,1,236.0,6,1,True
2023-01-01,6,248,3,102.0,6,1,True
2023-01-01,6,249,1,201.0,6,1,True
2023-01-01,7,57,1,119.5,6,1,True
2023-01-01,7,65,2,304.2,6,1,True
2023-01-01,7,83,1,201.0,6,1,True
2023-01-01,7,117,3,419.4,6,1,True
2023-01-01,7,118,1,326.0,6,1,True
2023-01-01,7,143,1,165.9,6,1,True
2023-01-01,7,187,1,198.0,6,1,True
2023-01-01,7,195,1,155.4,6,1,True
2023-01-01,7,221,1,157.2,6,1,True
2023-01-01,7,248,1,102.0,6,1,True
2023-01-01,8,4,1,346.5,6,1,True
2023-01-01,8,13,1,108.3,6,1,True
2023-01-01,8,30,1,201.0,6,1,True
2023-01-01,8,40,1,122.5,6,1,True
2023-01-01,8,91,1,164.1,6,1,True
2023-01-01,8,93,1,192.0,6,1,True
2023-01-01,8,109,1,145.5,6,1,True
2023-01-01,8,117,1,139.8,6,1,True
2023-01-01,8,118,2,652.0,6,1,True
2023-01-01,8,143,3,497.70000000000005,6,1,True
2023-01-01,8,170,1,262.0,6,1,True
2023-01-01,8,195,1,155.4,6,1,True
2023-01-01,8,196,2,291.0,6,1,True
2023-01-01,8,221,2,314.4,6,1,True
2023-01-01,8,248,1,102.0,6,1,True
2023-01-01,9,5,1,131.0,6,1,True
2023-01-01,9,13,2,216.6,6,1,True
2023-01-01,9,14,2,291.0,6,1,True
2023-01-01,9,31,1,107.5,6,1,True
2023-01-01,9,40,2,245.0,6,1,True
2023-01-01,9,65,1,152.1,6,1,True
2023-01-01,9,66,3,402.0,6,1,True
2023-01-01,9,67,1,218.5,6,1,True
2023-01-01,9,91,4,656.4,6,1,True
2023-01-01,9,108,1,241.5,6,1,True
2023-01-01,9,109,1,145.5,6,1,True
2023-01-01,9,117,2,279.6,6,1,True
2023-01-01,9,119,6,1065.0,6,1,True
2023-01-01,9,135,2,443.0,6,1,True
2023-01-01,9,143,2,331.8,6,1,True
2023-01-01,9,160,1,195.0,6,1,True
2023-01-01,9,169,1,192.3,6,1,True
2023-01-01,9,170,2,524.0,6,1,True
2023-01-01,9,186,1,177.5,6,1,True
2023-01-01,9,195,2,310.8,6,1,True
2023-01-01,9,196,1,145.5,6,1,True
2023-01-01,9,213,1,209.5,6,1,True
2023-01-01,9,221,4,628.8,6,1,True
2023-01-01,9,222,1,142.5,6,1,True
2023-01-01,9,238,2,472.0,6,1,True
2023-01-01,9,247,1,160.8,6,1,True
2023-01-01,9,248,3,306.0,6,1,True
2023-01-01,10,40,1,122.5,6,1,True
2023-01-01,10,41,1,163.0,6,1,True
2023-01-01,10,56,1,116.5,6,1,True
2023-01-01,10,65,1,152.1,6,1,True
2023-01-01,10,92,1,99.0,6,1,True
2023-01-01,10,117,1,139.8,6,1,True
2023-01-01,10,135,1,221.5,6,1,True
2023-01-01,10,143,1,165.9,6,1,True
2023-01-01,10,195,1,155.4,6,1,True
2023-01-01,10,197,1,215.5,6,1,True
2023-01-01,10,221,3,471.59999999999997,6,1,True
2023-01-01,10,223,2,245.0,6,1,True
2023-01-01,10,248,1,102.0,6,1,True
2023-01-01,10,249,1,201.0,6,1,True
2023-01-01,11,13,2,26.04,6,1,True
2023-01-01,11,39,4,31.5,6,1,True
2023-01-01,11,65,2,36.54,6,1,True
2023-01-01,11,92,1,11.9,6,1,True
2023-01-01,11,169,1,23.1,6,1,True
2023-01-01,11,171,1,19.6,6,1,True
2023-01-01,11,212,2,67.9,6,1,True
2023-01-01,11,213,1,25.2,6,1,True
2023-01-01,11,238,1,28.35,6,1,True
2023-01-01,11,247,3,57.96,6,1,True
2023-01-01,12,65,1,18.27,6,1,True
2023-01-01,12,134,1,31.85,6,1,True
2023-01-01,12,143,2,39.9,6,1,True
2023-01-01,12,144,1,39.55,6,1,True
2023-01-01,12,169,1,23.1,6,1,True
2023-01-01,12,186,2,42.7,6,1,True
2023-01-01,12,212,1,33.95,6,1,True
2023-01-01,12,221,2,37.8,6,1,True
2023-01-01,12,222,1,17.15,6,1,True
2023-01-01,13,5,2,31.5,6,1,True
2023-01-01,13,15,1,23.1,6,1,True
2023-01-01,13,67,2,52.5,6,1,True
2023-01-01,13,82,1,17.15,6,1,True
2023-01-01,13,91,1,19.74,6,1,True
2023-01-01,13,119,1,21.35,6,1,True
2023-01-01,13,160,1,23.45,6,1,True
2023-01-01,13,197,1,25.9,6,1,True
2023-01-01,13,223,1,14.7,6,1,True
2023-01-01,14,13,1,13.02,6,1,True
2023-01-01,14,14,1,17.5,6,1,True
2023-01-01,14,39,1,15.75,6,1,True
2023-01-01,14,65,1,18.27,6,1,True
2023-01-01,14,109,1,17.5,6,1,True
2023-01-01,14,117,1,16.8,6,1,True
2023-01-01,14,145,1,23.8,6,1,True
2023-01-01,14,161,1,23.8,6,1,True
2023-01-01,14,238,1,28.35,6,1,True
2023-01-01,14,248,1,12.25,6,1,True
2023-01-01,15,13,1,13.02,6,1,True
2023-01-01,15,15,1,23.1,6,1,True
2023-01-01,15,66,2,32.2,6,1,True
2023-01-01,15,91,2,39.48,6,1,True
2023-01-01,15,108,2,58.1,6,1,True
2023-01-01,15,170,1,31.5,6,1,True
2023-01-01,15,187,2,47.6,6,1,True
2023-01-01,15,238,1,28.35,6,1,True
2023-01-01,16,14,1,13.5,6,1,True
2023-01-01,16,117,1,12.9,6,1,True
2023-01-01,16,238,1,21.5,6,1,True
2023-01-01,17,65,1,14.1,6,1,True
2023-01-01,17,82,1,13.0,6,1,True
2023-01-01,17,135,1,20.5,6,1,True
2023-01-01,17,195,1,14.4,6,1,True
2023-01-01,18,30,1,18.5,6,1,True
2023-01-01,18,186,1,16.5,6,1,True
2023-01-01,18,195,1,14.4,6,1,True
2023-01-01,18,212,1,26.0,6,1,True
2023-01-01,19,5,1,12.0,6,1,True
2023-01-01,19,117,1,12.9,6,1,True
2023-01-01,19,134,2,49.0,6,1,True
2023-01-01,19,170,1,24.0,6,1,True
2023-01-01,20,196,1,13.5,6,1,True
2023-01-01,20,223,3,34.5,6,1,True
2023-01-01,21,13,1,13.02,6,1,True
2023-01-01,21,15,3,69.3,6,1,True
2023-01-01,21,117,2,33.6,6,1,True
2023-01-01,21,135,1,26.6,6,1,True
2023-01-01,21,143,2,0.0,6,1,True
2023-01-01,21,161,1,23.8,6,1,True
2023-01-01,21,169,4,92.4,6,1,True
2023-01-01,21,170,1,31.5,6,1,True
2023-01-01,21,171,1,19.6,6,1,True
2023-01-01,21,195,1,18.69,6,1,True
2023-01-01,21,223,1,14.7,6,1,True
2023-01-01,21,247,2,38.64,6,1,True
2023-01-01,21,248,1,12.25,6,1,True
2023-01-01,22,13,1,13.02,6,1,True
2023-01-01,22,92,1,11.9,6,1,True
2023-01-01,22,109,1,17.5,6,1,True
2023-01-01,22,117,1,16.8,6,1,True
2023-01-01,23,65,1,18.27,6,1,True
2023-01-01,23,66,3,16.1,6,1,True
2023-01-01,23,118,1,39.2,6,1,True
2023-01-01,23,171,1,19.6,6,1,True
2023-01-01,24,31,1,12.95,6,1,True
2023-01-01,24,40,1,14.7,6,1,True
2023-01-01,24,109,1,17.5,6,1,True
2023-01-01,24,117,2,33.6,6,1,True
2023-01-01,24,118,1,39.2,6,1,True
2023-01-01,24,169,1,23.1,6,1,True
2023-01-01,24,196,1,17.5,6,1,True
2023-01-01,24,212,1,33.95,6,1,True
2023-01-01,25,66,1,16.1,6,1,True
2023-01-01,25,117,1,16.8,6,1,True
2023-01-01,25,195,1,18.69,6,1,True
2023-01-01,26,14,1,17.5,6,1,True
2023-01-01,26,31,1,12.95,6,1,True
2023-01-01,26,40,1,14.7,6,1,True
2023-01-01,26,56,1,14.0,6,1,True
2023-01-01,26,91,1,19.74,6,1,True
2023-01-01,26,93,1,23.1,6,1,True
2023-01-01,26,117,2,0.0,6,1,True
2023-01-01,26,144,1,39.55,6,1,True
2023-01-01,26,160,1,23.45,6,1,True
2023-01-01,26,186,1,21.35,6,1,True
2023-01-01,26,195,1,18.69,6,1,True
2023-01-01,26,197,1,25.9,6,1,True
2023-01-01,26,221,1,18.9,6,1,True
2023-01-01,26,238,1,28.35,6,1,True
2023-01-01,26,239,1,16.45,6,1,True
2023-01-01,26,247,1,19.32,6,1,True
2023-01-01,27,13,1,13.02,6,1,True
2023-01-01,27,117,1,16.8,6,1,True
2023-01-01,27,212,1,33.95,6,1,True
2023-01-01,28,56,1,14.0,6,1,True
2023-01-01,28,109,1,17.5,6,1,True
2023-01-01,28,143,1,19.95,6,1,True
2023-01-01,28,186,1,21.35,6,1,True
2023-01-01,28,247,3,57.96,6,1,True
2023-01-01,29,15,1,23.1,6,1,True
2023-01-01,29,31,1,12.95,6,1,True
2023-01-01,29,91,1,19.74,6,1,True
2023-01-01,29,134,1,31.85,6,1,True
2023-01-01,29,160,2,46.9,6,1,True
2023-01-01,29,186,2,42.7,6,1,True
2023-01-01,30,39,2,31.5,6,1,True
2023-01-01,30,56,1,14.0,6,1,True
2023-01-01,30,119,3,64.05,6,1,True
2023-01-01,30,135,1,26.6,6,1,True
2023-01-01,30,171,1,19.6,6,1,True
2023-01-01,30,186,1,21.35,6,1,True
2023-01-01,30,195,1,18.69,6,1,True
2023-01-01,30,213,1,25.2,6,1,True
2023-01-01,30,249,2,0.0,6,1,True
2023-01-01,31,39,2,31.5,6,1,True
2023-01-01,31,41,1,19.6,6,1,True
2023-01-01,31,57,1,14.35,6,1,True
2023-01-01,31,65,2,36.54,6,1,True
2023-01-01,31,145,1,23.8,6,1,True
2023-01-01,31,161,2,47.6,6,1,True
2023-01-01,31,169,2,46.2,6,1,True
2023-01-01,31,195,2,37.38,6,1,True
2023-01-01,31,212,2,67.9,6,1,True
2023-01-01,31,221,3,56.699999999999996,6,1,True
2023-01-01,31,238,2,56.7,6,1,True
2023-01-01,31,247,2,0.0,6,1,True
2023-01-01,32,14,1,17.5,6,1,True
2023-01-01,32,30,1,24.15,6,1,True
2023-01-01,32,57,1,14.35,6,1,True
2023-01-01,32,82,1,17.15,6,1,True
2023-01-01,32,83,1,24.15,6,1,True
2023-01-01,32,117,1,16.8,6,1,True
2023-01-01,32,119,3,64.05,6,1,True
2023-01-01,32,143,1,19.95,6,1,True
2023-01-01,32,169,1,23.1,6,1,True
2023-01-01,32,195,1,18.69,6,1,True
2023-01-01,32,247,1,19.32,6,1,True
2023-01-01,33,91,1,19.74,6,1,True
2023-01-01,33,108,1,29.05,6,1,True
2023-01-01,33,117,1,16.8,6,1,True
2023-01-01,33,135,1,26.6,6,1,True
2023-01-01,33,170,1,31.5,6,1,True
2023-01-01,33,171,1,19.6,6,1,True
2023-01-01,33,187,1,23.8,6,1,True
2023-01-01,33,223,1,14.7,6,1,True
2023-01-01,33,238,1,28.35,6,1,True
2023-01-01,34,31,2,0.0,6,1,True
2023-01-01,34,109,1,17.5,6,1,True
2023-01-01,34,145,3,71.4,6,1,True
2023-01-01,34,171,1,19.6,6,1,True
2023-01-01,35,67,1,26.25,6,1,True
2023-01-01,35,83,1,24.15,6,1,True
2023-01-01,35,109,1,17.5,6,1,True
2023-01-01,35,247,2,38.64,6,1,True
2023-01-02,1,13,1,14.1,0,1,False
2023-01-02,1,82,1,18.5,0,1,False
2023-01-02,1,108,1,31.5,0,1,False
2023-01-02,1,118,1,42.5,0,1,False
2023-01-02,1,134,1,34.5,0,1,False
2023-01-02,1,143,1,21.6,0,1,False
2023-01-02,1,145,1,26.0,0,1,False
2023-01-02,1,160,1,25.5,0,1,False
2023-01-02,1,161,2,52.0,0,1,False
2023-01-02,1,169,1,24.9,0,1,False
2023-01-02,1,171,1,-21.0,0,1,False
2023-01-02,1,195,1,20.1,0,1,False
2023-01-02,1,197,1,28.0,0,1,False
2023-01-02,1,221,1,20.4,0,1,False
2023-01-02,1,222,1,18.5,0,1,False
2023-01-02,1,249,1,26.0,0,1,False
2023-01-02,2,65,1,19.8,0,1,False
2023-01-02,2,66,1,17.5,0,1,False
2023-01-02,2,135,1,29.0,0,1,False
2023-01-02,2,196,1,19.0,0,1,False
2023-01-02,2,247,1,21.0,0,1,False
2023-01-02,3,13,1,14.1,0,1,False
2023-01-02,3,65,1,19.8,0,1,False
2023-01-02,3,169,1,24.9,0,1,False
2023-01-02,3,221,1,20.4,0,1,False
2023-01-02,3,247,1,21.0,0,1,False
2023-01-02,4,13,1,14.1,0,1,False
2023-01-02,4,195,1,20.1,0,1,False
2023-01-02,4,223,1,16.0,0,1,False
2023-01-02,5,39,1,17.1,0,1,False
2023-01-02,5,40,1,16.0,0,1,False
2023-01-02,6,91,2,328.2,0,1,False
2023-01-02,6,108,1,241.5,0,1,False
2023-01-02,6,145,1,198.0,0,1,False
2023-01-02,6,169,2,384.6,0,1,False
2023-01-02,6,249,1,201.0,0,1,False
2023-01-02,7,13,2,216.6,0,1,False
2023-01-02,7,67,1,218.5,0,1,False
2023-01-02,7,145,1,198.0,0,1,False
2023-01-02,8,82,1,142.5,0,1,False
2023-01-02,8,91,1,164.1,0,1,False
2023-01-02,8,145,1,198.0,0,1,False
2023-01-02,9,39,1,131.1,0,1,False
2023-01-02,9,65,1,152.1,0,1,False
2023-01-02,9,82,1,142.5,0,1,False
2023-01-02,9,91,1,164.1,0,1,False
2023-01-02,9,92,1,99.0,0,1,False
2023-01-02,9,143,1,165.9,0,1,False
2023-01-02,9,161,1,198.0,0,1,False
2023-01-02,9,171,1,163.0,0,1,False
2023-01-02,9,187,1,198.0,0,1,False
2023-01-02,9,213,1,209.5,0,1,False
2023-01-02,9,222,1,142.5,0,1,False
2023-01-02,9,223,1,122.5,0,1,False
2023-01-02,11,93,1,23.1,0,1,False
2023-01-02,11,118,1,39.2,0,1,False
2023-01-02,11,247,1,19.32,0,1,False
2023-01-02,13,5,1,15.75,0,1,False
2023-01-02,13,195,1,18.69,0,1,False
2023-01-02,14,247,1,19.32,0,1,False
2023-01-02,15,65,1,18.27,0,1,False
2023-01-02,15,145,1,23.8,0,1,False
2023-01-02,16,65,1,14.1,0,1,False
2023-01-02,16,161,1,18.0,0,1,False
2023-01-02,16,171,1,15.0,0,1,False
2023-01-02,17,91,1,15.0,0,1,False
2023-01-02,17,117,1,12.9,0,1,False
2023-01-02,17,212,4,104.0,0,1,False
2023-01-02,17,238,1,21.5,0,1,False
2023-01-02,18,143,1,15.3,0,1,False
2023-01-02,18,196,1,13.5,0,1,False
2023-01-02,19,39,3,36.0,0,1,False
2023-01-02,19,247,1,14.7,0,1,False
2023-01-02,20,56,1,10.5,0,1,False
2023-01-02,20,82,1,13.0,0,1,False
2023-01-02,20,196,1,13.5,0,1,False
2023-01-02,20,221,1,14.4,0,1,False
2023-01-02,20,247,1,14.7,0,1,False
2023-01-02,21,56,1,14.0,0,1,False
2023-01-02,21,66,1,16.1,0,1,False
2023-01-02,21,109,1,17.5,0,1,False
2023-01-02,21,186,1,21.35,0,1,False
2023-01-02,22,169,1,23.1,0,1,False
2023-01-02,23,117,1,16.8,0,1,False
2023-01-02,23,135,1,26.6,0,1,False
2023-01-02,23,196,1,17.5,0,1,False
2023-01-02,24,13,1,13.02,0,1,False
2023-01-02,25,65,1,18.27,0,1,False
2023-01-02,26,13,1,13.02,0,1,False
2023-01-02,26,134,1,31.85,0,1,False
2023-01-02,26,169,1,23.1,0,1,False
2023-01-02,26,223,1,14.7,0,1,False
2023-01-02,28,169,1,23.1,0,1,False
2023-01-02,28,195,2,37.38,0,1,False
2023-01-02,29,108,1,29.05,0,1,False
2023-01-02,30,238,1,28.35,0,1,False
2023-01-02,31,56,1,14.0,0,1,False
2023-01-02,31,160,1,23.45,0,1,False
2023-01-02,31,212,1,33.95,0,1,False
2023-01-02,31,223,1,14.7,0,1,False
2023-01-02,32,238,1,28.35,0,1,False
2023-01-02,33,144,1,39.55,0,1,False
2023-01-02,34,13,1,13.02,0,1,False
2023-01-02,35,108,1,29.05,0,1,False
2023-01-03,1,4,1,45.0,1,1,False
2023-01-03,1,14,1,19.0,1,1,False
2023-01-03,1,15,1,25.0,1,1,False
2023-01-03,1,40,2,32.0,1,1,False
2023-01-03,1,41,1,21.0,1,1,False
2023-01-03,1,57,1,15.5,1,1,False
2023-01-03,1,65,1,19.8,1,1,False
2023-01-03,1,66,1,17.5,1,1,False
2023-01-03,1,93,1,25.0,1,1,False
2023-01-03,1,118,1,-42.5,1,1,False
2023-01-03,1,143,1,21.6,1,1,False
2023-01-03,1,169,1,24.9,1,1,False
2023-01-03,1,196,1,19.0,1,1,False
2023-01-03,1,197,2,56.0,1,1,False
2023-01-03,1,238,1,30.5,1,1,False
2023-01-03,2,92,1,13.0,1,1,False
2023-01-03,2,117,2,-36.6,1,1,False
2023-01-03,2,118,1,42.5,1,1,False
2023-01-03,2,143,1,21.6,1,1,False
2023-01-03,2,161,1,26.0,1,1,False
2023-01-03,2,196,1,19.0,1,1,False
2023-01-03,2,238,1,-30.5,1,1,False
2023-01-03,3,15,1,25.0,1,1,False
2023-01-03,3,144,1,43.0,1,1,False
2023-01-03,3,169,1,24.9,1,1,False
2023-01-03,3,247,1,21.0,1,1,False
2023-01-03,4,13,1,14.1,1,1,False
2023-01-03,4,31,1,14.0,1,1,False
2023-01-03,5,39,1,17.1,1,1,False
2023-01-03,5,92,1,13.0,1,1,False
2023-01-03,5,195,1,20.1,1,1,False
2023-01-03,6,82,1,142.5,1,1,False
2023-01-03,6,91,1,164.1,1,1,False
2023-01-03,6,169,1,192.3,1,1,False
2023-01-03,6,195,1,155.4,1,1,False
2023-01-03,6,196,1,145.5,1,1,False
2023-01-03,6,238,1,-236.0,1,1,False
2023-01-03,6,248,1,-102.0,1,1,False
2023-01-03,7,247,1,160.8,1,1,False
2023-01-03,8,13,1,108.3,1,1,False
2023-01-03,8,39,1,131.1,1,1,False
2023-01-03,8,83,2,402.0,1,1,False
2023-01-03,8,93,1,192.0,1,1,False
2023-01-03,8,212,1,282.5,1,1,False
2023-01-03,8,221,1,157.2,1,1,False
2023-01-03,9,39,1,131.1,1,1,False
2023-01-03,9,67,1,218.5,1,1,False
2023-01-03,9,117,1,139.8,1,1,False
2023-01-03,9,143,2,331.8,1,1,False
2023-01-03,9,221,1,157.2,1,1,False
2023-01-03,9,247,1,160.8,1,1,False
2023-01-03,9,248,1,102.0,1,1,False
2023-01-03,10,4,1,346.5,1,1,False
2023-01-03,10,14,1,145.5,1,1,False
2023-01-03,11,40,1,14.7,1,1,False
2023-01-03,11,169,1,23.1,1,1,False
2023-01-03,11,221,1,18.9,1,1,False
2023-01-03,11,238,1,-28.35,1,1,False
2023-01-03,12,14,2,35.0,1,1,False
2023-01-03,12,83,1,24.15,1,1,False
2023-01-03,12,108,1,29.05,1,1,False
2023-01-03,12,213,1,25.2,1,1,False
2023-01-03,14,213,1,25.2,1,1,False
2023-01-03,15,65,1,18.27,1,1,False
2023-01-03,15,109,1,17.5,1,1,False
2023-01-03,15,169,1,23.1,1,1,False
2023-01-03,15,195,1,18.69,1,1,False
2023-01-03,15,197,1,25.9,1,1,False
2023-01-03,16,41,1,15.0,1,1,False
2023-01-03,16,91,1,15.0,1,1,False
2023-01-03,17,108,2,44.0,1,1,False
2023-01-03,17,169,1,17.7,1,1,False
2023-01-03,18,13,1,9.9,1,1,False
2023-01-03,18,247,3,44.1,1,1,False
2023-01-03,19,91,1,15.0,1,1,False
2023-01-03,19,117,2,25.8,1,1,False
2023-01-03,19,143,1,15.3,1,1,False
2023-01-03,20,247,1,14.7,1,1,False
2023-01-03,21,13,2,26.04,1,1,False
2023-01-03,21,40,1,14.7,1,1,False
2023-01-03,21,221,1,18.9,1,1,False
2023-01-03,22,169,3,69.3,1,1,False
2023-01-03,24,83,1,24.15,1,1,False
2023-01-03,25,31,1,12.95,1,1,False
2023-01-03,25,247,1,19.32,1,1,False
2023-01-03,27,169,1,23.1,1,1,False
2023-01-03,28,30,2,48.3,1,1,False
2023-01-03,29,247,1,19.32,1,1,False
2023-01-03,30,66,1,16.1,1,1,False
2023-01-03,30,109,3,52.5,1,1,False
2023-01-03,30,119,1,21.35,1,1,False
2023-01-03,30,195,1,18.69,1,1,False
2023-01-03,30,212,1,33.95,1,1,False
2023-01-03,31,161,1,23.8,1,1,False
2023-01-03,31,247,1,19.32,1,1,False
2023-01-03,31,248,1,12.25,1,1,False
2023-01-03,32,13,1,13.02,1,1,False
2023-01-03,32,187,1,23.8,1,1,False
2023-01-03,33,39,1,15.75,1,1,False
2023-01-03,34,83,1,24.15,1,1,False
2023-01-04,1,41,1,21.0,2,1,False
2023-01-04,1,117,1,18.3,2,1,False
2023-01-04,1,118,1,42.5,2,1,False
2023-01-04,1,143,1,21.6,2,1,False
2023-01-04,1,145,1,26.0,2,1,False
2023-01-04,1,169,1,24.9,2,1,False
2023-01-04,1,171,1,21.0,2,1,False
2023-01-04,1,186,1,23.0,2,1,False
2023-01-04,1,195,1,20.1,2,1,False
2023-01-04,1,213,1,27.5,2,1,False
2023-01-04,1,222,1,18.5,2,1,False
2023-01-04,1,223,2,32.0,2,1,False
2023-01-04,2,13,1,14.1,2,1,False
2023-01-04,2,14,1,19.0,2,1,False
2023-01-04,2,31,1,14.0,2,1,False
2023-01-04,2,82,1,18.5,2,1,False
2023-01-04,2,170,1,34.0,2,1,False
2023-01-04,3,56,1,15.0,2,1,False
2023-01-04,3,57,1,15.5,2,1,False
2023-01-04,3,117,1,18.3,2,1,False
2023-01-04,3,145,1,26.0,2,1,False
2023-01-04,3,169,3,74.69999999999999,2,1,False
2023-01-04,3,212,1,37.0,2,1,False
2023-01-04,3,223,1,16.0,2,1,False
2023-01-04,4,13,1,14.1,2,1,False
2023-01-04,4,41,1,21.0,2,1,False
2023-01-04,4,65,1,19.8,2,1,False
2023-01-04,4,93,1,25.0,2,1,False
2023-01-04,4,134,2,69.0,2,1,False
2023-01-04,4,223,1,16.0,2,1,False
2023-01-04,4,247,1,21.0,2,1,False
2023-01-04,5,56,1,15.0,2,1,False
2023-01-04,5,57,1,15.5,2,1,False
2023-01-04,5,169,1,24.9,2,1,False
2023-01-04,5,171,1,21.0,2,1,False
2023-01-04,6,145,1,198.0,2,1,False
2023-01-04,6,195,1,155.4,2,1,False
2023-01-04,6,213,1,209.5,2,1,False
2023-01-04,7,169,1,192.3,2,1,False
2023-01-04,8,39,5,655.5,2,1,False
2023-01-04,8,83,1,201.0,2,1,False
2023-01-04,8,108,1,241.5,2,1,False
2023-01-04,8,171,1,163.0,2,1,False
2023-01-04,8,221,1,157.2,2,1,False
2023-01-04,8,239,1,137.0,2,1,False
2023-01-04,9,4,1,346.5,2,1,False
2023-01-04,9,40,1,122.5,2,1,False
2023-01-04,9,57,1,119.5,2,1,False
2023-01-04,9,65,1,152.1,2,1,False
2023-01-04,9,92,1,99.0,2,1,False
2023-01-04,9,109,1,145.5,2,1,False
2023-01-04,9,117,1,139.8,2,1,False
2023-01-04,9,119,1,177.5,2,1,False
2023-01-04,9,143,3,497.70000000000005,2,1,False
2023-01-04,9,145,1,198.0,2,1,False
2023-01-04,9,160,1,195.0,2,1,False
2023-01-04,9,195,3,466.2,2,1,False
2023-01-04,10,13,1,108.3,2,1,False
2023-01-04,10,117,1,139.8,2,1,False
2023-01-04,10,145,2,396.0,2,1,False
2023-01-04,11,65,1,18.27,2,1,False
2023-01-04,12,160,1,23.45,2,1,False
2023-01-04,13,56,1,14.0,2,1,False
2023-01-04,13,143,1,19.95,2,1,False
2023-01-04,13,145,1,23.8,2,1,False
2023-01-04,13,169,1,23.1,2,1,False
2023-01-04,13,187,1,23.8,2,1,False
2023-01-04,13,222,1,17.15,2,1,False
2023-01-04,14,109,1,17.5,2,1,False
2023-01-04,15,247,1,19.32,2,1,False
2023-01-04,16,66,1,12.5,2,1,False
2023-01-04,16,117,2,25.8,2,1,False
2023-01-04,16,247,1,14.7,2,1,False
2023-01-04,17,39,1,12.0,2,1,False
2023-01-04,17,117,1,12.9,2,1,False
2023-01-04,18,82,1,13.0,2,1,False
2023-01-04,19,143,1,15.3,2,1,False
2023-01-04,19,239,1,12.5,2,1,False
2023-01-04,20,169,1,17.7,2,1,False
2023-01-04,21,108,1,29.05,2,1,False
2023-01-04,21,109,1,17.5,2,1,False
2023-01-04,21,144,1,39.55,2,1,False
2023-01-04,21,247,1,19.32,2,1,False
2023-01-04,22,119,2,42.7,2,1,False
2023-01-04,22,160,1,23.45,2,1,False
2023-01-04,23,5,1,15.75,2,1,False
2023-01-04,23,83,1,24.15,2,1,False
2023-01-04,23,93,2,46.2,2,1,False
2023-01-04,23,117,1,16.8,2,1,False
2023-01-04,24,14,1,17.5,2,1,False
2023-01-04,24,109,1,17.5,2,1,False
2023-01-04,24,160,1,23.45,2,1,False
2023-01-04,24,213,1,25.2,2,1,False
2023-01-04,24,247,1,19.32,2,1,False
2023-01-04,26,117,1,16.8,2,1,False
2023-01-04,26,170,1,31.5,2,1,False
2023-01-04,26,223,1,-14.7,2,1,False
2023-01-04,27,196,1,17.5,2,1,False
2023-01-04,29,169,1,23.1,2,1,False
2023-01-04,29,195,1,18.69,2,1,False
2023-01-04,30,134,3,95.55,2,1,False
2023-01-04,31,109,1,17.5,2,1,False
2023-01-04,31,169,1,23.1,2,1,False
2023-01-04,31,187,1,23.8,2,1,False
2023-01-04,32,39,1,15.75,2,1,False
2023-01-04,32,40,1,14.7,2,1,False
2023-01-04,32,41,1,19.6,2,1,False
2023-01-04,34,143,1,19.95,2,1,False
2023-01-04,35,117,1,16.8,2,1,False
2023-01-04,35,169,1,23.1,2,1,False
2023-01-05,1,4,1,45.0,3,1,False
2023-01-05,1,5,1,17.0,3,1,False
2023-01-05,1,13,1,14.1,3,1,False
2023-01-05,1,15,1,25.0,3,1,False
2023-01-05,1,39,1,17.1,3,1,False
2023-01-05,1,92,1,13.0,3,1,False
2023-01-05,1,143,1,21.6,3,1,False
2023-01-05,1,144,2,86.0,3,1,False
2023-01-05,1,196,1,19.0,3,1,False
2023-01-05,1,197,1,28.0,3,1,False
2023-01-05,1,247,3,63.0,3,1,False
2023-01-05,2,5,1,17.0,3,1,False
2023-01-05,2,82,1,18.5,3,1,False
2023-01-05,2,92,1,13.0,3,1,False
2023-01-05,2,160,1,25.5,3,1,False
2023-01-05,3,56,2,0.0,3,1,False
2023-01-05,3,65,1,19.8,3,1,False
2023-01-05,3,117,1,-18.3,3,1,False
2023-01-05,3,169,2,-49.8,3,1,False
2023-01-05,3,223,1,-16.0,3,1,False
2023-01-05,3,238,1,30.5,3,1,False
2023-01-05,3,247,1,21.0,3,1,False
2023-01-05,4,15,1,25.0,3,1,False
2023-01-05,4,40,1,16.0,3,1,False
2023-01-05,4,83,3,78.0,3,1,False
2023-01-05,4,108,1,31.5,3,1,False
2023-01-05,5,91,1,21.3,3,1,False
2023-01-05,5,118,1,42.5,3,1,False
2023-01-05,5,213,1,27.5,3,1,False
2023-01-05,6,221,1,157.2,3,1,False
2023-01-05,6,239,1,137.0,3,1,False
2023-01-05,6,249,1,201.0,3,1,False
2023-01-05,7,160,1,195.0,3,1,False
2023-01-05,7,169,1,192.3,3,1,False
2023-01-05,7,197,1,215.5,3,1,False
2023-01-05,7,221,1,157.2,3,1,False
2023-01-05,8,117,1,139.8,3,1,False
2023-01-05,8,143,2,331.8,3,1,False
2023-01-05,9,13,1,108.3,3,1,False
2023-01-05,9,39,1,131.1,3,1,False
2023-01-05,9,67,1,218.5,3,1,False
2023-01-05,9,91,1,164.1,3,1,False
2023-01-05,9,143,1,165.9,3,1,False
2023-01-05,9,171,1,163.0,3,1,False
2023-01-05,9,222,1,-142.5,3,1,False
2023-01-05,9,223,1,122.5,3,1,False
2023-01-05,10,65,1,152.1,3,1,False
2023-01-05,11,213,3,25.2,3,1,False
2023-01-05,12,39,1,15.75,3,1,False
2023-01-05,12,186,1,21.35,3,1,False
2023-01-05,12,239,1,16.45,3,1,False
2023-01-05,13,4,1,41.65,3,1,False
2023-01-05,13,195,1,18.69,3,1,False
2023-01-05,14,5,1,15.75,3,1,False
2023-01-05,14,39,1,15.75,3,1,False
2023-01-05,15,31,1,12.95,3,1,False
2023-01-05,15,93,1,23.1,3,1,False
2023-01-05,16,92,1,9.0,3,1,False
2023-01-05,16,247,1,14.7,3,1,False
2023-01-05,17,239,1,12.5,3,1,False
2023-01-05,17,247,1,14.7,3,1,False
2023-01-05,19,170,1,24.0,3,1,False
2023-01-05,21,39,1,15.75,3,1,False
2023-01-05,21,41,1,19.6,3,1,False
2023-01-05,21,143,1,19.95,3,1,False
2023-01-05,21,239,1,16.45,3,1,False
2023-01-05,22,31,1,12.95,3,1,False
2023-01-05,22,93,1,23.1,3,1,False
2023-01-05,23,169,1,23.1,3,1,False
2023-01-05,23,186,1,21.35,3,1,False
2023-01-05,23,197,1,25.9,3,1,False
2023-01-05,24,56,1,14.0,3,1,False
2023-01-05,24,221,2,37.8,3,1,False
2023-01-05,25,195,3,56.07,3,1,False
2023-01-05,25,221,1,18.9,3,1,False
2023-01-05,26,247,1,19.32,3,1,False
2023-01-05,27,41,1,19.6,3,1,False
2023-01-05,27,65,1,18.27,3,1,False
2023-01-05,27,134,1,31.85,3,1,False
2023-01-05,27,161,1,23.8,3,1,False
2023-01-05,27,187,1,23.8,3,1,False
2023-01-05,29,117,1,16.8,3,1,False
2023-01-05,30,39,1,15.75,3,1,False
2023-01-05,30,82,1,17.15,3,1,False
2023-01-05,30,195,2,37.38,3,1,False
2023-01-05,31,117,1,16.8,3,1,False
2023-01-05,31,134,1,31.85,3,1,False
2023-01-05,31,143,1,19.95,3,1,False
2023-01-05,31,213,1,25.2,3,1,False
2023-01-05,31,248,1,12.25,3,1,False
2023-01-05,32,57,2,28.7,3,1,False
2023-01-05,32,143,1,19.95,3,1,False
2023-01-05,33,31,1,12.95,3,1,False
2023-01-05,33,92,1,11.9,3,1,False
2023-01-05,33,186,1,21.35,3,1,False
2023-01-05,34,4,1,41.65,3,1,False
2023-01-05,34,83,1,24.15,3,1,False
2023-01-05,34,212,1,33.95,3,1,False
2023-01-05,35,197,1,25.9,3,1,False
2023-01-05,35,221,1,18.9,3,1,False
2023-01-05,35,239,1,16.45,3,1,False
2023-01-06,1,4,1,45.0,4,1,False
2023-01-06,1,13,1,14.1,4,1,False
2023-01-06,1,82,1,18.5,4,1,False
2023-01-06,1,108,1,31.5,4,1,False
2023-01-06,1,145,1,26.0,4,1,False
2023-01-06,1,160,1,25.5,4,1,False
2023-01-06,1,171,2,42.0,4,1,False
2023-01-06,1,196,1,19.0,4,1,False
2023-01-06,1,223,1,16.0,4,1,False
2023-01-06,1,247,1,21.0,4,1,False
2023-01-06,2,93,1,25.0,4,1,False
2023-01-06,2,143,1,21.6,4,1,False
2023-01-06,3,56,1,15.0,4,1,False
2023-01-06,3,92,1,13.0,4,1,False
2023-01-06,3,117,1,18.3,4,1,False
2023-01-06,3,221,1,20.4,4,1,False
2023-01-06,3,247,1,21.0,4,1,False
2023-01-06,4,13,3,42.3,4,1,False
2023-01-06,4,65,1,19.8,4,1,False
2023-01-06,4,91,1,21.3,4,1,False
2023-01-06,4,117,2,36.6,4,1,False
2023-01-06,5,65,1,19.8,4,1,False
2023-01-06,5,91,1,21.3,4,1,False
2023-01-06,5,118,1,-42.5,4,1,False
2023-01-06,5,160,1,25.5,4,1,False
2023-01-06,5,195,1,20.1,4,1,False
2023-01-06,6,13,1,108.3,4,1,False
2023-01-06,6,117,2,279.6,4,1,False
2023-01-06,6,145,1,198.0,4,1,False
2023-01-06,6,169,3,-192.3,4,1,False
2023-01-06,6,170,1,262.0,4,1,False
2023-01-06,6,187,3,594.0,4,1,False
2023-01-06,6,223,1,122.5,4,1,False
2023-01-06,6,238,1,236.0,4,1,False
2023-01-06,6,247,1,160.8,4,1,False
2023-01-06,7,135,1,221.5,4,1,False
2023-01-06,7,186,1,177.5,4,1,False
2023-01-06,8,39,1,131.1,4,1,False
2023-01-06,8,67,1,218.5,4,1,False
2023-01-06,8,92,1,99.0,4,1,False
2023-01-06,8,143,1,165.9,4,1,False
2023-01-06,8,171,1,163.0,4,1,False
2023-01-06,8,221,3,471.59999999999997,4,1,False
2023-01-06,9,13,1,108.3,4,1,False
2023-01-06,9,108,1,241.5,4,1,False
2023-01-06,9,247,1,-160.8,4,1,False
2023-01-06,10,39,1,131.1,4,1,False
2023-01-06,10,83,1,201.0,4,1,False
2023-01-06,10,117,1,139.8,4,1,False
2023-01-06,10,143,1,165.9,4,1,False
2023-01-06,10,170,1,262.0,4,1,False
2023-01-06,11,13,1,13.02,4,1,False
2023-01-06,11,57,1,14.35,4,1,False
2023-01-06,11,169,1,23.1,4,1,False
2023-01-06,11,197,1,25.9,4,1,False
2023-01-06,12,13,1,13.02,4,1,False
2023-01-06,12,195,1,18.69,4,1,False
2023-01-06,13,247,3,57.96,4,1,False
2023-01-06,14,67,1,26.25,4,1,False
2023-01-06,15,39,1,15.75,4,1,False
2023-01-06,16,143,1,15.3,4,1,False
2023-01-06,16,196,1,13.5,4,1,False
2023-01-06,17,83,1,18.5,4,1,False
2023-01-06,17,93,1,17.5,4,1,False
2023-01-06,17,195,1,14.4,4,1,False
2023-01-06,17,223,1,11.5,4,1,False
2023-01-06,18,223,1,11.5,4,1,False
2023-01-06,19,40,1,11.5,4,1,False
2023-01-06,19,195,1,14.4,4,1,False
2023-01-06,19,247,1,14.7,4,1,False
2023-01-06,21,119,1,21.35,4,1,False
2023-01-06,21,169,1,23.1,4,1,False
2023-01-06,21,247,1,19.32,4,1,False
2023-01-06,22,65,1,18.27,4,1,False
2023-01-06,23,13,1,13.02,4,1,False
2023-01-06,24,39,2,31.5,4,1,False
2023-01-06,25,161,1,23.8,4,1,False
2023-01-06,26,197,1,-25.9,4,1,False
2023-01-06,26,222,1,17.15,4,1,False
2023-01-06,27,13,1,13.02,4,1,False
2023-01-06,28,39,2,31.5,4,1,False
2023-01-06,28,57,1,14.35,4,1,False
2023-01-06,29,213,1,25.2,4,1,False
2023-01-06,30,134,1,31.85,4,1,False
2023-01-06,30,143,1,19.95,4,1,False
2023-01-06,30,239,1,16.45,4,1,False
2023-01-06,31,15,1,23.1,4,1,False
2023-01-06,31,109,1,17.5,4,1,False
2023-01-06,31,117,1,16.8,4,1,False
2023-01-06,33,109,1,17.5,4,1,False
2023-01-06,34,143,1,19.95,4,1,False
2023-01-06,35,187,2,47.6,4,1,False
2023-01-07,1,4,1,-45.0,5,1,True
2023-01-07,1,13,2,0.0,5,1,True
2023-01-07,1,14,1,19.0,5,1,True
2023-01-07,1,65,2,39.6,5,1,True
2023-01-07,1,118,1,42.5,5,1,True
2023-01-07,1,143,1,21.6,5,1,True
2023-01-07,1,144,1,43.0,5,1,True
2023-01-07,1,145,1,26.0,5,1,True
2023-01-07,1,169,1,24.9,5,1,True
2023-01-07,1,170,1,34.0,5,1,True
2023-01-07,1,195,2,40.2,5,1,True
2023-01-07,1,247,1,21.0,5,1,True
2023-01-07,2,13,1,14.1,5,1,True
2023-01-07,2,40,1,16.0,5,1,True
2023-01-07,2,65,2,39.6,5,1,True
2023-01-07,2,93,1,25.0,5,1,True
2023-01-07,2,108,3,94.5,5,1,True
2023-01-07,2,195,1,20.1,5,1,True
2023-01-07,2,221,2,40.8,5,1,True
2023-01-07,2,222,1,18.5,5,1,True
2023-01-07,2,249,1,26.0,5,1,True
2023-01-07,3,13,2,28.2,5,1,True
2023-01-07,3,66,1,17.5,5,1,True
2023-01-07,3,221,1,20.4,5,1,True
2023-01-07,3,238,1,30.5,5,1,True
2023-01-07,3,247,2,-42.0,5,1,True
2023-01-07,4,4,1,45.0,5,1,True
2023-01-07,4,14,1,19.0,5,1,True
2023-01-07,4,41,1,21.0,5,1,True
2023-01-07,4,67,1,28.5,5,1,True
2023-01-07,4,108,2,63.0,5,1,True
2023-01-07,4,109,1,19.0,5,1,True
2023-01-07,4,169,1,24.9,5,1,True
2023-01-07,4,171,1,21.0,5,1,True
2023-01-07,4,195,1,20.1,5,1,True
2023-01-07,4,221,2,40.8,5,1,True
2023-01-07,4,247,1,21.0,5,1,True
2023-01-07,5,13,2,28.2,5,1,True
2023-01-07,5,67,1,28.5,5,1,True
2023-01-07,5,91,2,42.6,5,1,True
2023-01-07,5,117,1,18.3,5,1,True
2023-01-07,5,118,1,42.5,5,1,True
2023-01-07,5,143,1,21.6,5,1,True
2023-01-07,5,169,1,24.9,5,1,True
2023-01-07,6,4,1,346.5,5,1,True
2023-01-07,6,5,1,131.0,5,1,True
2023-01-07,6,13,1,108.3,5,1,True
2023-01-07,6,30,1,201.0,5,1,True
2023-01-07,6,31,1,107.5,5,1,True
2023-01-07,6,39,1,131.1,5,1,True
2023-01-07,6,65,3,456.3,5,1,True
2023-01-07,6,91,1,164.1,5,1,True
2023-01-07,6,92,1,99.0,5,1,True
2023-01-07,6,143,2,331.8,5,1,True
2023-01-07,6,144,1,329.0,5,1,True
2023-01-07,6,145,1,198.0,5,1,True
2023-01-07,6,169,3,-192.3,5,1,True
2023-01-07,6,170,1,262.0,5,1,True
2023-01-07,6,221,1,157.2,5,1,True
2023-01-07,7,91,1,164.1,5,1,True
2023-01-07,7,92,1,99.0,5,1,True
2023-01-07,7,109,1,145.5,5,1,True
2023-01-07,7,195,1,155.4,5,1,True
2023-01-07,7,196,1,145.5,5,1,True
2023-01-07,8,4,1,346.5,5,1,True
2023-01-07,8,66,1,134.0,5,1,True
2023-01-07,8,92,2,198.0,5,1,True
2023-01-07,8,117,1,139.8,5,1,True
2023-01-07,8,143,1,165.9,5,1,True
2023-01-07,8,160,1,195.0,5,1,True
2023-01-07,8,169,1,192.3,5,1,True
2023-01-07,8,186,1,177.5,5,1,True
2023-01-07,8,187,1,198.0,5,1,True
2023-01-07,8,195,1,155.4,5,1,True
2023-01-07,8,196,2,291.0,5,1,True
2023-01-07,8,197,1,215.5,5,1,True
2023-01-07,8,221,1,157.2,5,1,True
2023-01-07,8,222,1,142.5,5,1,True
2023-01-07,8,247,3,482.40000000000003,5,1,True
2023-01-07,8,248,3,306.0,5,1,True
2023-01-07,9,40,1,122.5,5,1,True
2023-01-07,9,65,1,152.1,5,1,True
2023-01-07,9,67,1,-218.5,5,1,True
2023-01-07,9,83,1,201.0,5,1,True
2023-01-07,9,117,1,-139.8,5,1,True
2023-01-07,9,118,1,326.0,5,1,True
2023-01-07,9,135,1,221.5,5,1,True
2023-01-07,9,169,2,384.6,5,1,True
2023-01-07,9,212,1,282.5,5,1,True
2023-01-07,9,213,1,209.5,5,1,True
2023-01-07,9,221,1,157.2,5,1,True
2023-01-07,9,222,1,142.5,5,1,True
2023-01-07,9,223,1,122.5,5,1,True
2023-01-07,9,247,1,160.8,5,1,True
2023-01-07,10,13,1,108.3,5,1,True
2023-01-07,10,143,1,165.9,5,1,True
2023-01-07,10,221,1,157.2,5,1,True
2023-01-07,10,247,1,160.8,5,1,True
2023-01-07,10,248,1,102.0,5,1,True
2023-01-07,11,5,1,15.75,5,1,True
2023-01-07,11,65,1,18.27,5,1,True
2023-01-07,11,117,1,16.8,5,1,True
2023-01-07,11,118,1,-39.2,5,1,True
2023-01-07,11,119,1,21.35,5,1,True
2023-01-07,11,213,2,50.4,5,1,True
2023-01-07,11,248,1,12.25,5,1,True
2023-01-07,12,109,1,17.5,5,1,True
2023-01-07,12,221,1,18.9,5,1,True
2023-01-07,12,247,3,57.96,5,1,True
2023-01-07,13,13,1,13.02,5,1,True
2023-01-07,13,40,1,14.7,5,1,True
2023-01-07,13,66,1,16.1,5,1,True
2023-01-07,13,118,1,39.2,5,1,True
2023-01-07,13,145,1,23.8,5,1,True
2023-01-07,13,187,1,23.8,5,1,True
2023-01-07,14,187,2,47.6,5,1,True
2023-01-07,15,40,1,14.7,5,1,True
2023-01-07,15,56,1,14.0,5,1,True
2023-01-07,15,66,1,16.1,5,1,True
2023-01-07,15,135,1,26.6,5,1,True
2023-01-07,15,195,1,18.69,5,1,True
2023-01-07,16,65,1,14.1,5,1,True
2023-01-07,16,117,1,12.9,5,1,True
2023-01-07,16,196,1,13.5,5,1,True
2023-01-07,16,247,2,29.4,5,1,True
2023-01-07,17,39,1,12.0,5,1,True
2023-01-07,17,65,1,14.1,5,1,True
2023-01-07,17,108,1,22.0,5,1,True
2023-01-07,17,117,3,38.7,5,1,True
2023-01-07,17,195,1,14.4,5,1,True
2023-01-07,17,238,1,21.5,5,1,True
2023-01-07,17,248,1,9.5,5,1,True
2023-01-07,18,65,1,14.1,5,1,True
2023-01-07,18,66,1,12.5,5,1,True
2023-01-07,19,171,1,15.0,5,1,True
2023-01-07,19,213,1,19.5,5,1,True
2023-01-07,20,4,1,32.0,5,1,True
2023-01-07,20,13,1,9.9,5,1,True
2023-01-07,21,40,1,14.7,5,1,True
2023-01-07,21,91,1,19.74,5,1,True
2023-01-07,21,109,1,-17.5,5,1,True
2023-01-07,21,117,1,16.8,5,1,True
2023-01-07,21,118,1,39.2,5,1,True
2023-01-07,21,221,1,18.9,5,1,True
2023-01-07,21,238,1,28.35,5,1,True
2023-01-07,21,248,1,12.25,5,1,True
2023-01-07,22,65,1,18.27,5,1,True
2023-01-07,23,13,1,13.02,5,1,True
2023-01-07,23,31,1,12.95,5,1,True
2023-01-07,23,41,1,19.6,5,1,True
2023-01-07,24,66,1,16.1,5,1,True
2023-01-07,24,145,2,47.6,5,1,True
2023-01-07,24,195,1,18.69,5,1,True
2023-01-07,26,65,1,18.27,5,1,True
2023-01-07,26,119,2,42.7,5,1,True
2023-01-07,26,143,1,19.95,5,1,True
2023-01-07,27,160,1,23.45,5,1,True
2023-01-07,27,169,1,23.1,5,1,True
2023-01-07,27,223,1,14.7,5,1,True
2023-01-07,29,39,1,15.75,5,1,True
2023-01-07,29,212,1,33.95,5,1,True
2023-01-07,30,39,1,15.75,5,1,True
2023-01-07,30,247,1,19.32,5,1,True
2023-01-07,31,13,1,13.02,5,1,True
2023-01-07,31,30,1,24.15,5,1,True
2023-01-07,31,40,1,14.7,5,1,True
2023-01-07,31,65,1,18.27,5,1,True
2023-01-07,31,117,1,16.8,5,1,True
2023-01-07,31,170,1,31.5,5,1,True
2023-01-07,31,221,1,18.9,5,1,True
2023-01-07,31,239,1,16.45,5,1,True
2023-01-07,32,39,1,15.75,5,1,True
2023-01-07,32,248,1,12.25,5,1,True
2023-01-07,33,14,1,17.5,5,1,True
2023-01-07,33,109,1,17.5,5,1,True
2023-01-07,33,247,1,19.32,5,1,True
2023-01-07,34,91,1,19.74,5,1,True
2023-01-07,34,117,1,16.8,5,1,True
2023-01-07,34,119,1,21.35,5,1,True
2023-01-07,34,143,1,19.95,5,1,True
2023-01-07,34,238,1,28.35,5,1,True
2023-01-07,34,247,1,19.32,5,1,True
2023-01-07,35,238,1,28.35,5,1,True
2023-01-08,1,13,1,14.1,6,1,True
2023-01-08,1,31,2,28.0,6,1,True
2023-01-08,1,39,3,51.300000000000004,6,1,True
2023-01-08,1,40,2,0.0,6,1,True
2023-01-08,1,91,1,21.3,6,1,True
2023-01-08,1,109,1,19.0,6,1,True
2023-01-08,1,118,2,85.0,6,1,True
2023-01-08,1,135,2,58.0,6,1,True
2023-01-08,1,143,2,43.2,6,1,True
2023-01-08,1,186,1,23.0,6,1,True
2023-01-08,1,195,5,100.5,6,1,True
2023-01-08,1,221,1,20.4,6,1,True
2023-01-08,1,222,1,18.5,6,1,True
2023-01-08,1,223,1,16.0,6,1,True
2023-01-08,1,249,1,26.0,6,1,True
2023-01-08,2,13,1,14.1,6,1,True
2023-01-08,2,67,1,28.5,6,1,True
2023-01-08,2,91,1,21.3,6,1,True
2023-01-08,2,117,2,36.6,6,1,True
2023-01-08,2,119,1,23.0,6,1,True
2023-01-08,2,135,1,29.0,6,1,True
2023-01-08,2,143,2,43.2,6,1,True
2023-01-08,2,195,1,20.1,6,1,True
2023-01-08,2,247,2,42.0,6,1,True
2023-01-08,3,31,1,14.0,6,1,True
2023-01-08,3,109,1,19.0,6,1,True
2023-01-08,3,117,1,18.3,6,1,True
2023-01-08,3,118,2,85.0,6,1,True
2023-01-08,3,134,2,69.0,6,1,True
2023-01-08,3,143,1,21.6,6,1,True
2023-01-08,3,186,3,69.0,6,1,True
2023-01-08,3,195,4,80.4,6,1,True
2023-01-08,3,247,1,21.0,6,1,True
2023-01-08,4,39,1,17.1,6,1,True
2023-01-08,4,40,1,16.0,6,1,True
2023-01-08,4,56,1,15.0,6,1,True
2023-01-08,4,118,1,42.5,6,1,True
2023-01-08,4,160,1,25.5,6,1,True
2023-01-08,4,186,1,23.0,6,1,True
2023-01-08,4,195,1,20.1,6,1,True
2023-01-08,4,248,1,13.5,6,1,True
2023-01-08,5,13,2,28.2,6,1,True
2023-01-08,5,195,1,20.1,6,1,True
2023-01-08,5,213,1,27.5,6,1,True
2023-01-08,5,248,1,13.5,6,1,True
2023-01-08,6,39,1,131.1,6,1,True
2023-01-08,6,41,1,163.0,6,1,True
2023-01-08,6,83,1,201.0,6,1,True
2023-01-08,6,117,1,139.8,6,1,True
2023-01-08,6,169,1,192.3,6,1,True
2023-01-08,6,170,1,262.0,6,1,True
2023-01-08,6,221,1,157.2,6,1,True
2023-01-08,6,247,3,482.40000000000003,6,1,True
2023-01-08,7,135,1,221.5,6,1,True
2023-01-08,7,187,1,198.0,6,1,True
2023-01-08,7,249,1,201.0,6,1,True
2023-01-08,8,30,1,201.0,6,1,True
2023-01-08,8,117,1,139.8,6,1,True
2023-01-08,8,118,1,326.0,6,1,True
2023-01-08,8,119,2,355.0,6,1,True
2023-01-08,8,135,1,221.5,6,1,True
2023-01-08,8,195,2,310.8,6,1,True
2023-01-08,8,221,1,157.2,6,1,True
2023-01-08,8,247,1,160.8,6,1,True
2023-01-08,9,4,1,346.5,6,1,True
2023-01-08,9,13,1,108.3,6,1,True
2023-01-08,9,14,1,145.5,6,1,True
2023-01-08,9,39,1,-131.1,6,1,True
2023-01-08,9,83,1,201.0,6,1,True
2023-01-08,9,91,1,164.1,6,1,True
2023-01-08,9,117,1,139.8,6,1,True
2023-01-08,9,118,1,326.0,6,1,True
2023-01-08,9,161,1,198.0,6,1,True
2023-01-08,9,169,1,192.3,6,1,True
2023-01-08,9,212,1,-282.5,6,1,True
2023-01-08,9,222,1,142.5,6,1,True
2023-01-08,9,247,1,160.8,6,1,True
2023-01-08,9,249,1,201.0,6,1,True
2023-01-08,10,39,1,131.1,6,1,True
2023-01-08,10,40,1,122.5,6,1,True
2023-01-08,10,186,1,177.5,6,1,True
2023-01-08,11,65,3,54.81,6,1,True
2023-01-08,11,82,1,17.15,6,1,True
2023-01-08,11,91,1,19.74,6,1,True
2023-01-08,11,117,2,33.6,6,1,True
2023-01-08,11,161,1,23.8,6,1,True
2023-01-08,11,187,1,23.8,6,1,True
2023-01-08,11,247,2,38.64,6,1,True
2023-01-08,12,5,1,15.75,6,1,True
2023-01-08,12,56,1,14.0,6,1,True
2023-01-08,12,91,1,19.74,6,1,True
2023-01-08,12,92,2,23.8,6,1,True
2023-01-08,12,118,1,39.2,6,1,True
2023-01-08,13,82,1,17.15,6,1,True
2023-01-08,14,169,1,23.1,6,1,True
2023-01-08,14,195,2,37.38,6,1,True
2023-01-08,15,145,1,23.8,6,1,True
2023-01-08,15,170,2,63.0,6,1,True
2023-01-08,15,187,1,23.8,6,1,True
2023-01-08,16,41,1,15.0,6,1,True
2023-01-08,16,65,1,14.1,6,1,True
2023-01-08,16,82,1,13.0,6,1,True
2023-01-08,16,195,1,14.4,6,1,True
2023-01-08,16,221,1,14.4,6,1,True
2023-01-08,16,247,1,14.7,6,1,True
2023-01-08,17,15,1,17.5,6,1,True
2023-01-08,17,41,1,15.0,6,1,True
2023-01-08,17,83,1,-18.5,6,1,True
2023-01-08,17,169,1,17.7,6,1,True
2023-01-08,17,186,1,16.5,6,1,True
2023-01-08,17,221,1,14.4,6,1,True
2023-01-08,17,247,1,14.7,6,1,True
2023-01-08,18,169,2,35.4,6,1,True
2023-01-08,19,117,1,12.9,6,1,True
2023-01-08,19,170,1,-24.0,6,1,True
2023-01-08,19,221,1,14.4,6,1,True
2023-01-08,20,13,1,9.9,6,1,True
2023-01-08,20,91,1,15.0,6,1,True
2023-01-08,20,161,1,18.0,6,1,True
2023-01-08,20,169,1,17.7,6,1,True
2023-01-08,21,15,1,23.1,6,1,True
2023-01-08,21,65,1,18.27,6,1,True
2023-01-08,21,169,1,23.1,6,1,True
2023-01-08,21,196,1,17.5,6,1,True
2023-01-08,21,212,1,33.95,6,1,True
2023-01-08,21,238,1,-28.35,6,1,True
2023-01-08,21,249,2,48.3,6,1,True
2023-01-08,22,31,1,12.95,6,1,True
2023-01-08,22,65,1,18.27,6,1,True
2023-01-08,22,91,1,19.74,6,1,True
2023-01-08,22,143,1,19.95,6,1,True
2023-01-08,23,56,1,14.0,6,1,True
2023-01-08,23,117,1,16.8,6,1,True
2023-01-08,23,160,1,23.45,6,1,True
2023-01-08,23,247,1,19.32,6,1,True
2023-01-08,24,67,1,26.25,6,1,True
2023-01-08,24,119,1,21.35,6,1,True
2023-01-08,24,222,1,17.15,6,1,True
2023-01-08,24,223,1,14.7,6,1,True
2023-01-08,24,248,1,12.25,6,1,True
2023-01-08,25,5,1,15.75,6,1,True
2023-01-08,25,222,1,17.15,6,1,True
2023-01-08,26,65,1,18.27,6,1,True
2023-01-08,26,239,1,-16.45,6,1,True
2023-01-08,27,39,1,15.75,6,1,True
2023-01-08,27,66,1,16.1,6,1,True
2023-01-08,27,145,1,23.8,6,1,True
2023-01-08,27,160,1,23.45,6,1,True
2023-01-08,27,223,2,29.4,6,1,True
2023-01-08,27,238,1,28.35,6,1,True
2023-01-08,28,91,2,39.48,6,1,True
2023-01-08,28,239,1,16.45,6,1,True
2023-01-08,29,108,1,29.05,6,1,True
2023-01-08,29,186,1,21.35,6,1,True
2023-01-08,30,65,1,18.27,6,1,True
2023-01-08,30,117,1,16.8,6,1,True
2023-01-08,30,143,1,19.95,6,1,True
2023-01-08,30,169,4,92.4,6,1,True
2023-01-08,30,247,2,38.64,6,1,True
2023-01-08,31,13,1,13.02,6,1,True
2023-01-08,31,66,1,16.1,6,1,True
2023-01-08,31,82,1,17.15,6,1,True
2023-01-08,31,83,1,24.15,6,1,True
2023-01-08,31,223,1,14.7,6,1,True
2023-01-08,31,247,4,77.28,6,1,True
2023-01-08,32,238,1,28.35,6,1,True
2023-01-08,33,93,1,23.1,6,1,True
2023-01-08,33,169,2,46.2,6,1,True
2023-01-08,33,187,1,23.8,6,1,True
2023-01-08,33,247,1,19.32,6,1,True
2023-01-08,34,39,1,15.75,6,1,True
2023-01-08,34,82,2,34.3,6,1,True
2023-01-08,34,161,1,23.8,6,1,True
2023-01-08,34,223,2,29.4,6,1,True
2023-01-08,35,195,1,18.69,6,1,True
2023-01-08,35,221,1,18.9,6,1,True
2023-01-09,1,14,1,19.0,0,1,False
2023-01-09,1,39,1,17.1,0,1,False
2023-01-09,1,119,1,23.0,0,1,False
2023-01-09,1,169,3,74.69999999999999,0,1,False
2023-01-09,1,195,1,20.1,0,1,False
2023-01-09,1,221,1,20.4,0,1,False
2023-01-09,1,247,4,84.0,0,1,False
2023-01-09,2,15,1,25.0,0,1,False
2023-01-09,2,39,1,17.1,0,1,False
2023-01-09,2,65,1,19.8,0,1,False
2023-01-09,2,92,1,13.0,0,1,False
2023-01-09,2,93,1,25.0,0,1,False
2023-01-09,2,143,1,21.6,0,1,False
2023-01-09,2,145,1,26.0,0,1,False
2023-01-09,2,170,1,34.0,0,1,False
2023-01-09,2,222,1,18.5,0,1,False
2023-01-09,2,223,2,32.0,0,1,False
2023-01-09,2,249,1,-26.0,0,1,False
2023-01-09,3,57,1,15.5,0,1,False
2023-01-09,3,93,1,25.0,0,1,False
2023-01-09,3,161,1,26.0,0,1,False
2023-01-09,4,13,2,28.2,0,1,False
2023-01-09,4,56,1,15.0,0,1,False
2023-01-09,4,91,1,21.3,0,1,False
2023-01-09,4,161,1,26.0,0,1,False
2023-01-09,5,39,1,17.1,0,1,False
2023-01-09,5,117,3,54.9,0,1,False
2023-01-09,5,145,1,26.0,0,1,False
2023-01-09,5,221,1,20.4,0,1,False
2023-01-09,6,13,1,108.3,0,1,False
2023-01-09,6,117,1,139.8,0,1,False
2023-01-09,6,118,1,326.0,0,1,False
2023-01-09,6,143,1,165.9,0,1,False
2023-01-09,6,249,1,-201.0,0,1,False
2023-01-09,7,13,1,108.3,0,1,False
2023-01-09,8,56,1,116.5,0,1,False
2023-01-09,8,93,1,192.0,0,1,False
2023-01-09,8,118,2,652.0,0,1,False
2023-01-09,8,143,1,165.9,0,1,False
2023-01-09,8,186,1,177.5,0,1,False
2023-01-09,8,212,1,282.5,0,1,False
2023-01-09,9,13,1,108.3,0,1,False
2023-01-09,9,186,1,177.5,0,1,False
2023-01-09,9,247,3,482.40000000000003,0,1,False
2023-01-09,10,109,1,145.5,0,1,False
2023-01-09,10,195,1,155.4,0,1,False
2023-01-09,12,161,1,23.8,0,1,False
2023-01-09,12,170,1,31.5,0,1,False
2023-01-09,12,195,1,18.69,0,1,False
2023-01-09,13,65,1,18.27,0,1,False
2023-01-09,14,5,1,15.75,0,1,False
2023-01-09,14,213,1,25.2,0,1,False
2023-01-09,15,238,1,28.35,0,1,False
2023-01-09,17,5,1,12.0,0,1,False
2023-01-09,17,67,1,20.0,0,1,False
2023-01-09,18,39,1,12.0,0,1,False
2023-01-09,19,195,1,14.4,0,1,False
2023-01-09,20,65,1,14.1,0,1,False
2023-01-09,21,13,1,13.02,0,1,False
2023-01-09,21,109,1,17.5,0,1,False
2023-01-09,22,170,3,94.5,0,1,False
2023-01-09,22,239,1,16.45,0,1,False
2023-01-09,23,213,1,25.2,0,1,False
2023-01-09,23,221,1,18.9,0,1,False
2023-01-09,24,15,1,23.1,0,1,False
2023-01-09,25,186,1,21.35,0,1,False
2023-01-09,26,31,1,12.95,0,1,False
2023-01-09,26,213,3,75.6,0,1,False
2023-01-09,27,195,1,18.69,0,1,False
2023-01-09,28,40,1,14.7,0,1,False
2023-01-09,28,213,1,25.2,0,1,False
2023-01-09,28,239,1,-16.45,0,1,False
2023-01-09,28,247,1,19.32,0,1,False
2023-01-09,29,30,1,24.15,0,1,False
2023-01-09,29,186,1,21.35,0,1,False
2023-01-09,30,13,1,13.02,0,1,False
2023-01-09,30,14,1,17.5,0,1,False
2023-01-09,30,31,1,12.95,0,1,False
2023-01-09,31,39,1,15.75,0,1,False
2023-01-09,31,109,1,17.5,0,1,False
2023-01-09,32,13,1,13.02,0,1,False
2023-01-09,32,15,1,23.1,0,1,False
2023-01-09,34,13,1,13.02,0,1,False
2023-01-09,35,134,1,31.85,0,1,False
2023-01-10,1,5,2,34.0,1,1,False
2023-01-10,1,31,1,14.0,1,1,False
2023-01-10,1,117,1,18.3,1,1,False
2023-01-10,1,171,2,42.0,1,1,False
2023-01-10,2,13,1,14.1,1,1,False
2023-01-10,2,65,1,19.8,1,1,False
2023-01-10,2,118,1,42.5,1,1,False
2023-01-10,2,169,1,24.9,1,1,False
2023-01-10,2,171,1,21.0,1,1,False
2023-01-10,2,186,1,23.0,1,1,False
2023-01-10,2,195,1,20.1,1,1,False
2023-01-10,3,144,1,43.0,1,1,False
2023-01-10,3,145,1,26.0,1,1,False
2023-01-10,3,169,1,24.9,1,1,False
2023-01-10,3,171,1,21.0,1,1,False
2023-01-10,4,91,1,21.3,1,1,False
2023-01-10,4,92,1,13.0,1,1,False
2023-01-10,4,247,1,21.0,1,1,False
2023-01-10,5,13,3,42.3,1,1,False
2023-01-10,5,41,1,21.0,1,1,False
2023-01-10,6,65,1,152.1,1,1,False
2023-01-10,6,117,2,279.6,1,1,False
2023-01-10,6,145,1,198.0,1,1,False
2023-01-10,6,169,1,192.3,1,1,False
2023-01-10,6,170,1,262.0,1,1,False
2023-01-10,6,221,1,157.2,1,1,False
2023-01-10,7,14,1,145.5,1,1,False
2023-01-10,7,65,1,152.1,1,1,False
2023-01-10,7,117,1,139.8,1,1,False
2023-01-10,8,57,1,119.5,1,1,False
2023-01-10,8,117,2,279.6,1,1,False
2023-01-10,8,143,1,165.9,1,1,False
2023-01-10,8,161,1,198.0,1,1,False
2023-01-10,8,213,1,209.5,1,1,False
2023-01-10,8,238,1,236.0,1,1,False
2023-01-10,9,65,1,152.1,1,1,False
2023-01-10,9,82,1,142.5,1,1,False
2023-01-10,9,91,1,164.1,1,1,False
2023-01-10,9,117,2,0.0,1,1,False
2023-01-10,9,145,1,198.0,1,1,False
2023-01-10,9,187,1,198.0,1,1,False
2023-01-10,9,247,1,-160.8,1,1,False
2023-01-10,10,4,1,346.5,1,1,False
2023-01-10,10,186,1,177.5,1,1,False
2023-01-10,11,30,1,24.15,1,1,False
2023-01-10,11,91,1,19.74,1,1,False
2023-01-10,12,14,1,17.5,1,1,False
2023-01-10,12,91,1,19.74,1,1,False
2023-01-10,12,109,1,17.5,1,1,False
2023-01-10,12,247,1,19.32,1,1,False
2023-01-10,13,41,1,19.6,1,1,False
2023-01-10,16,56,1,10.5,1,1,False
2023-01-10,16,109,1,13.5,1,1,False
2023-01-10,16,196,1,-13.5,1,1,False
2023-01-10,17,67,1,20.0,1,1,False
2023-01-10,17,135,1,20.5,1,1,False
2023-01-10,17,186,1,16.5,1,1,False
2023-01-10,18,144,1,30.5,1,1,False
2023-01-10,19,221,1,14.4,1,1,False
2023-01-10,20,65,1,14.1,1,1,False
2023-01-10,20,221,1,14.4,1,1,False
2023-01-10,21,5,1,15.75,1,1,False
2023-01-10,21,56,1,14.0,1,1,False
2023-01-10,21,143,2,0.0,1,1,False
2023-01-10,22,39,1,15.75,1,1,False
2023-01-10,22,56,1,14.0,1,1,False
2023-01-10,22,91,1,19.74,1,1,False
2023-01-10,22,161,1,23.8,1,1,False
2023-01-10,23,65,1,18.27,1,1,False
2023-01-10,23,223,1,14.7,1,1,False
2023-01-10,24,239,1,16.45,1,1,False
2023-01-10,25,213,1,25.2,1,1,False
2023-01-10,25,248,2,24.5,1,1,False
2023-01-10,26,221,1,18.9,1,1,False
2023-01-10,26,248,1,12.25,1,1,False
2023-01-10,28,195,1,18.69,1,1,False
2023-01-10,30,66,1,16.1,1,1,False
2023-01-10,30,117,1,16.8,1,1,False
2023-01-10,31,31,1,12.95,1,1,False
2023-01-10,31,144,1,39.55,1,1,False
2023-01-10,31,187,2,47.6,1,1,False
2023-01-10,31,196,1,17.5,1,1,False
2023-01-10,31,197,1,25.9,1,1,False
2023-01-10,31,221,1,-18.9,1,1,False
2023-01-10,32,5,2,31.5,1,1,False
2023-01-10,32,109,1,17.5,1,1,False
2023-01-10,32,221,1,18.9,1,1,False
2023-01-10,33,83,1,24.15,1,1,False
2023-01-10,34,108,1,29.05,1,1,False
2023-01-10,34,117,1,16.8,1,1,False
2023-01-10,35,169,1,23.1,1,1,False
2023-01-10,35,196,1,17.5,1,1,False
2023-01-11,1,4,1,45.0,2,1,False
2023-01-11,1,14,1,19.0,2,1,False
2023-01-11,1,15,1,25.0,2,1,False
2023-01-11,1,56,1,15.0,2,1,False
2023-01-11,1,67,1,28.5,2,1,False
2023-01-11,1,135,1,29.0,2,1,False
2023-01-11,1,144,1,43.0,2,1,False
2023-01-11,1,197,1,28.0,2,1,False
2023-01-11,1,222,1,18.5,2,1,False
2023-01-11,1,223,1,16.0,2,1,False
2023-01-11,1,238,1,30.5,2,1,False
2023-01-11,2,161,1,26.0,2,1,False
2023-01-11,2,222,1,18.5,2,1,False
2023-01-11,3,39,1,28.5,2,1,False
2023-01-11,3,56,1,15.0,2,1,False
2023-01-11,3,171,1,21.0,2,1,False
2023-01-11,3,248,1,13.5,2,1,False
2023-01-11,4,30,1,26.0,2,1,False
2023-01-11,4,134,1,34.5,2,1,False
2023-01-11,4,186,1,23.0,2,1,False
2023-01-11,6,41,1,163.0,2,1,False
2023-01-11,6,92,1,99.0,2,1,False
2023-01-11,8,5,1,131.0,2,1,False
2023-01-11,8,40,1,122.5,2,1,False
2023-01-11,8,65,1,253.5,2,1,False
2023-01-11,8,67,1,218.5,2,1,False
2023-01-11,8,249,1,201.0,2,1,False
2023-01-11,9,30,1,201.0,2,1,False
2023-01-11,9,57,1,119.5,2,1,False
2023-01-11,9,119,1,177.5,2,1,False
2023-01-11,10,195,3,777.0,2,1,False
2023-01-11,10,239,1,137.0,2,1,False
2023-01-11,10,249,1,201.0,2,1,False
2023-01-11,14,57,1,14.35,2,1,False
2023-01-11,15,66,1,16.1,2,1,False
2023-01-11,16,239,1,12.5,2,1,False
2023-01-11,17,134,1,24.5,2,1,False
2023-01-11,17,186,1,16.5,2,1,False
2023-01-11,17,187,1,18.0,2,1,False
2023-01-11,17,239,1,12.5,2,1,False
2023-01-11,18,41,1,15.0,2,1,False
2023-01-11,19,31,1,10.0,2,1,False
2023-01-11,20,171,1,15.0,2,1,False
2023-01-11,20,196,1,13.5,2,1,False
2023-01-11,21,57,1,14.35,2,1,False
2023-01-11,21,108,1,29.05,2,1,False
2023-01-11,21,238,1,28.35,2,1,False
2023-01-11,22,143,1,33.25,2,1,False
2023-01-11,22,197,1,25.9,2,1,False
2023-01-11,22,247,1,32.2,2,1,False
2023-01-11,26,83,1,24.15,2,1,False
2023-01-11,26,143,1,33.25,2,1,False
2023-01-11,27,13,1,-13.02,2,1,False
2023-01-11,27,15,1,23.1,2,1,False
2023-01-11,27,249,3,72.45,2,1,False
2023-01-11,28,170,1,31.5,2,1,False
2023-01-11,30,14,1,17.5,2,1,False
2023-01-11,30,66,1,16.1,2,1,False
2023-01-11,31,82,1,17.15,2,1,False
2023-01-11,32,161,1,23.8,2,1,False
2023-01-11,33,5,1,15.75,2,1,False
2023-01-11,34,238,1,28.35,2,1,False
2023-01-12,1,14,1,19.0,3,1,False
2023-01-12,1,117,1,30.5,3,1,False
2023-01-12,1,144,1,43.0,3,1,False
2023-01-12,1,187,1,26.0,3,1,False
2023-01-12,2,14,1,19.0,3,1,False
2023-01-12,2,15,1,25.0,3,1,False
2023-01-12,2,57,1,15.5,3,1,False
2023-01-12,2,145,1,26.0,3,1,False
2023-01-12,3,40,1,16.0,3,1,False
2023-01-12,3,118,1,42.5,3,1,False
2023-01-12,3,195,2,67.0,3,1,False
2023-01-12,4,83,1,26.0,3,1,False
2023-01-12,4,93,2,50.0,3,1,False
2023-01-12,4,117,1,30.5,3,1,False
2023-01-12,4,145,1,26.0,3,1,False
2023-01-12,4,170,1,34.0,3,1,False
2023-01-12,4,195,1,33.5,3,1,False
2023-01-12,5,145,1,26.0,3,1,False
2023-01-12,5,161,1,26.0,3,1,False
2023-01-12,6,249,1,201.0,3,1,False
2023-01-12,7,108,1,241.5,3,1,False
2023-01-12,7,221,1,262.0,3,1,False
2023-01-12,7,248,1,102.0,3,1,False
2023-01-12,8,171,1,163.0,3,1,False
2023-01-12,9,39,1,218.5,3,1,False
2023-01-12,9,65,1,253.5,3,1,False
2023-01-12,9,92,1,99.0,3,1,False
2023-01-12,9,118,1,326.0,3,1,False
2023-01-12,11,57,2,28.7,3,1,False
2023-01-12,11,109,1,17.5,3,1,False
2023-01-12,12,145,1,23.8,3,1,False
2023-01-12,12,223,1,14.7,3,1,False
2023-01-12,14,169,1,38.5,3,1,False
2023-01-12,14,187,2,-47.6,3,1,False
2023-01-12,14,221,1,31.5,3,1,False
2023-01-12,15,5,1,15.75,3,1,False
2023-01-12,15,134,1,31.85,3,1,False
2023-01-12,16,160,1,18.0,3,1,False
2023-01-12,16,196,1,13.5,3,1,False
2023-01-12,17,5,1,12.0,3,1,False
2023-01-12,17,134,1,-24.5,3,1,False
2023-01-12,18,14,1,13.5,3,1,False
2023-01-12,19,40,1,-11.5,3,1,False
2023-01-12,20,66,1,12.5,3,1,False
2023-01-12,21,13,1,-13.02,3,1,False
2023-01-12,21,30,1,24.15,3,1,False
2023-01-12,24,57,1,14.35,3,1,False
2023-01-12,24,66,1,-16.1,3,1,False
2023-01-12,26,56,1,14.0,3,1,False
2023-01-12,28,67,1,26.25,3,1,False
2023-01-12,28,93,1,23.1,3,1,False
2023-01-12,31,5,1,15.75,3,1,False
2023-01-12,31,56,2,28.0,3,1,False
2023-01-12,31,197,1,25.9,3,1,False
2023-01-12,32,83,1,24.15,3,1,False
2023-01-12,35,83,1,24.15,3,1,False
2023-01-12,35,239,1,16.45,3,1,False
2023-01-13,1,91,1,35.5,4,1,False
2023-01-13,1,92,1,13.0,4,1,False
2023-01-13,1,134,1,34.5,4,1,False
2023-01-13,1,170,1,34.0,4,1,False
2023-01-13,1,186,1,23.0,4,1,False
2023-01-13,2,67,1,28.5,4,1,False
2023-01-13,2,134,1,34.5,4,1,False
2023-01-13,2,248,1,13.5,4,1,False
2023-01-13,3,4,1,45.0,4,1,False
2023-01-13,3,82,1,18.5,4,1,False
2023-01-13,3,195,3,-60.3,4,1,False
2023-01-13,4,57,1,15.5,4,1,False
2023-01-13,4,92,1,13.0,4,1,False
2023-01-13,4,117,1,30.5,4,1,False
2023-01-13,4,221,1,-20.4,4,1,False
2023-01-13,5,15,1,25.0,4,1,False
2023-01-13,6,160,1,195.0,4,1,False
2023-01-13,7,14,1,145.5,4,1,False
2023-01-13,7,186,1,177.5,4,1,False
2023-01-13,7,195,1,259.0,4,1,False
2023-01-13,8,41,1,163.0,4,1,False
2023-01-13,9,4,1,346.5,4,1,False
2023-01-13,9,91,1,273.5,4,1,False
2023-01-13,9,135,1,221.5,4,1,False
2023-01-13,9,197,1,215.5,4,1,False
2023-01-13,10,14,1,145.5,4,1,False
2023-01-13,10,117,1,233.0,4,1,False
2023-01-13,10,134,1,265.0,4,1,False
2023-01-13,10,144,1,329.0,4,1,False
2023-01-13,11,212,1,33.95,4,1,False
2023-01-13,11,222,1,17.15,4,1,False
2023-01-13,12,143,1,33.25,4,1,False
2023-01-13,12,248,1,12.25,4,1,False
2023-01-13,13,66,1,16.1,4,1,False
2023-01-13,13,248,1,12.25,4,1,False
2023-01-13,14,91,1,32.9,4,1,False
2023-01-13,15,213,1,25.2,4,1,False
2023-01-13,16,108,1,22.0,4,1,False
2023-01-13,16,171,1,15.0,4,1,False
2023-01-13,18,4,1,32.0,4,1,False
2023-01-13,18,14,1,13.5,4,1,False
2023-01-13,19,135,1,20.5,4,1,False
2023-01-13,20,15,1,17.5,4,1,False
2023-01-13,21,247,1,32.2,4,1,False
2023-01-13,23,82,1,17.15,4,1,False
2023-01-13,23,134,1,31.85,4,1,False
2023-01-13,24,15,1,23.1,4,1,False
2023-01-13,24,238,2,56.7,4,1,False
2023-01-13,25,144,1,39.55,4,1,False
2023-01-13,26,213,1,25.2,4,1,False
2023-01-13,28,4,1,41.65,4,1,False
2023-01-13,29,56,1,14.0,4,1,False
2023-01-13,30,65,1,30.45,4,1,False
2023-01-13,31,57,1,14.35,4,1,False
2023-01-13,31,134,1,31.85,4,1,False
2023-01-13,31,195,1,31.15,4,1,False
2023-01-13,31,223,1,14.7,4,1,False
2023-01-13,31,239,1,16.45,4,1,False
2023-01-13,32,143,1,33.25,4,1,False
2023-01-13,34,117,1,28.0,4,1,False
2023-01-13,34,197,1,25.9,4,1,False
2023-01-14,1,13,1,23.5,5,1,True
2023-01-14,1,41,1,21.0,5,1,True
2023-01-14,1,57,1,15.5,5,1,True
2023-01-14,1,83,1,26.0,5,1,True
2023-01-14,1,135,1,29.0,5,1,True
2023-01-14,1,145,2,52.0,5,1,True
2023-01-14,1,169,1,41.5,5,1,True
2023-01-14,1,196,1,19.0,5,1,True
2023-01-14,1,197,1,28.0,5,1,True
2023-01-14,1,247,1,35.0,5,1,True
2023-01-14,1,249,1,26.0,5,1,True
2023-01-14,2,13,1,23.5,5,1,True
2023-01-14,2,67,1,28.5,5,1,True
2023-01-14,2,119,3,69.0,5,1,True
2023-01-14,2,161,1,26.0,5,1,True
2023-01-14,2,169,1,41.5,5,1,True
2023-01-14,2,187,1,26.0,5,1,True
2023-01-14,2,196,2,38.0,5,1,True
2023-01-14,2,222,1,18.5,5,1,True
2023-01-14,2,249,1,26.0,5,1,True
2023-01-14,3,56,1,15.0,5,1,True
2023-01-14,3,57,1,15.5,5,1,True
2023-01-14,3,67,1,28.5,5,1,True
2023-01-14,3,91,1,35.5,5,1,True
2023-01-14,3,109,1,19.0,5,1,True
2023-01-14,3,143,1,-21.6,5,1,True
2023-01-14,4,13,1,-14.1,5,1,True
2023-01-14,4,40,1,16.0,5,1,True
2023-01-14,4,83,1,-26.0,5,1,True
2023-01-14,4,145,1,26.0,5,1,True
2023-01-14,4,160,1,25.5,5,1,True
2023-01-14,4,195,1,33.5,5,1,True
2023-01-14,4,247,2,70.0,5,1,True
2023-01-14,5,108,1,31.5,5,1,True
2023-01-14,5,118,1,42.5,5,1,True
2023-01-14,5,161,1,26.0,5,1,True
2023-01-14,5,221,1,34.0,5,1,True
2023-01-14,5,248,1,13.5,5,1,True
2023-01-14,6,91,1,273.5,5,1,True
2023-01-14,6,92,4,198.0,5,1,True
2023-01-14,6,171,1,163.0,5,1,True
2023-01-14,6,187,1,198.0,5,1,True
2023-01-14,7,145,1,198.0,5,1,True
2023-01-14,7,195,1,-259.0,5,1,True
2023-01-14,8,14,1,145.5,5,1,True
2023-01-14,8,66,1,134.0,5,1,True
2023-01-14,8,93,1,192.0,5,1,True
2023-01-14,8,134,1,265.0,5,1,True
2023-01-14,8,143,1,276.5,5,1,True
2023-01-14,8,145,1,198.0,5,1,True
2023-01-14,8,195,1,259.0,5,1,True
2023-01-14,8,213,1,209.5,5,1,True
2023-01-14,9,13,2,361.0,5,1,True
2023-01-14,9,39,1,218.5,5,1,True
2023-01-14,9,65,2,507.0,5,1,True
2023-01-14,9,91,1,-273.5,5,1,True
2023-01-14,9,93,1,192.0,5,1,True
2023-01-14,9,187,1,198.0,5,1,True
2023-01-14,9,195,1,259.0,5,1,True
2023-01-14,9,223,1,122.5,5,1,True
2023-01-14,9,238,2,472.0,5,1,True
2023-01-14,10,169,1,320.5,5,1,True
2023-01-14,10,221,1,262.0,5,1,True
2023-01-14,11,40,1,14.7,5,1,True
2023-01-14,11,187,1,23.8,5,1,True
2023-01-14,12,4,2,83.3,5,1,True
2023-01-14,12,15,1,23.1,5,1,True
2023-01-14,12,39,1,26.25,5,1,True
2023-01-14,12,135,1,26.6,5,1,True
2023-01-14,12,160,3,70.35,5,1,True
2023-01-14,12,247,1,32.2,5,1,True
2023-01-14,13,93,1,23.1,5,1,True
2023-01-14,13,143,1,33.25,5,1,True
2023-01-14,14,160,1,23.45,5,1,True
2023-01-14,15,5,1,15.75,5,1,True
2023-01-14,15,109,1,17.5,5,1,True
2023-01-14,15,223,1,14.7,5,1,True
2023-01-14,16,39,1,20.0,5,1,True
2023-01-14,16,135,1,20.5,5,1,True
2023-01-14,16,221,1,24.0,5,1,True
2023-01-14,16,239,1,12.5,5,1,True
2023-01-14,17,39,1,20.0,5,1,True
2023-01-14,17,135,1,-20.5,5,1,True
2023-01-14,18,144,2,61.0,5,1,True
2023-01-14,18,238,1,21.5,5,1,True
2023-01-14,18,249,1,18.5,5,1,True
2023-01-14,19,5,1,12.0,5,1,True
2023-01-14,19,91,1,25.0,5,1,True
2023-01-14,19,117,1,21.5,5,1,True
2023-01-14,20,31,1,10.0,5,1,True
2023-01-14,20,91,1,25.0,5,1,True
2023-01-14,20,223,1,11.5,5,1,True
2023-01-14,21,13,1,-13.02,5,1,True
2023-01-14,21,30,6,48.3,5,1,True
2023-01-14,21,39,1,26.25,5,1,True
2023-01-14,21,160,1,23.45,5,1,True
2023-01-14,21,161,1,23.8,5,1,True
2023-01-14,21,196,1,17.5,5,1,True
2023-01-14,21,197,1,25.9,5,1,True
2023-01-14,21,212,1,33.95,5,1,True
2023-01-14,22,14,1,17.5,5,1,True
2023-01-14,22,92,1,11.9,5,1,True
2023-01-14,22,93,1,-23.1,5,1,True
2023-01-14,22,109,3,52.5,5,1,True
2023-01-14,22,171,1,19.6,5,1,True
2023-01-14,23,41,1,19.6,5,1,True
2023-01-14,23,56,1,14.0,5,1,True
2023-01-14,23,67,1,26.25,5,1,True
2023-01-14,23,186,1,21.35,5,1,True
2023-01-14,23,187,1,23.8,5,1,True
2023-01-14,24,92,1,11.9,5,1,True
2023-01-14,24,135,1,26.6,5,1,True
2023-01-14,24,186,1,21.35,5,1,True
2023-01-14,24,197,1,25.9,5,1,True
2023-01-14,25,41,1,19.6,5,1,True
2023-01-14,25,170,1,31.5,5,1,True
2023-01-14,28,109,1,17.5,5,1,True
2023-01-14,29,4,1,41.65,5,1,True
2023-01-14,30,31,1,12.95,5,1,True
2023-01-14,30,117,1,28.0,5,1,True
2023-01-14,30,160,1,23.45,5,1,True
2023-01-14,30,249,1,24.15,5,1,True
2023-01-14,31,56,4,56.0,5,1,True
2023-01-14,31,82,1,17.15,5,1,True
2023-01-14,31,169,2,77.0,5,1,True
2023-01-14,31,212,1,33.95,5,1,True
2023-01-14,31,247,1,32.2,5,1,True
2023-01-14,32,4,1,41.65,5,1,True
2023-01-14,32,40,1,14.7,5,1,True
2023-01-14,33,5,1,15.75,5,1,True
2023-01-14,33,66,1,16.1,5,1,True
2023-01-14,33,213,1,25.2,5,1,True
2023-01-14,34,83,1,-24.15,5,1,True
2023-01-14,34,143,1,-19.95,5,1,True
2023-01-14,34,187,1,23.8,5,1,True
2023-01-14,34,212,1,33.95,5,1,True
2023-01-14,34,213,1,25.2,5,1,True
2023-01-14,35,93,1,23.1,5,1,True
2023-01-15,1,4,1,45.0,6,1,True
2023-01-15,1,13,1,23.5,6,1,True
2023-01-15,1,14,1,19.0,6,1,True
2023-01-15,1,39,1,28.5,6,1,True
2023-01-15,1,56,3,45.0,6,1,True
2023-01-15,1,57,2,-31.0,6,1,True
2023-01-15,1,67,1,28.5,6,1,True
2023-01-15,1,91,1,35.5,6,1,True
2023-01-15,1,118,2,85.0,6,1,True
2023-01-15,1,134,2,69.0,6,1,True
2023-01-15,1,170,4,136.0,6,1,True
2023-01-15,1,171,1,21.0,6,1,True
2023-01-15,1,213,1,27.5,6,1,True
2023-01-15,1,221,1,34.0,6,1,True
2023-01-15,1,249,1,26.0,6,1,True
2023-01-15,2,66,1,17.5,6,1,True
2023-01-15,2,109,1,19.0,6,1,True
2023-01-15,2,160,1,25.5,6,1,True
2023-01-15,2,213,1,27.5,6,1,True
2023-01-15,2,223,1,16.0,6,1,True
2023-01-15,3,41,1,21.0,6,1,True
2023-01-15,3,67,1,28.5,6,1,True
2023-01-15,3,144,1,43.0,6,1,True
2023-01-15,3,248,1,13.5,6,1,True
2023-01-15,4,4,1,45.0,6,1,True
2023-01-15,4,5,1,17.0,6,1,True
2023-01-15,4,40,1,16.0,6,1,True
2023-01-15,4,196,1,19.0,6,1,True
2023-01-15,4,239,1,18.0,6,1,True
2023-01-15,5,92,1,13.0,6,1,True
2023-01-15,5,93,1,25.0,6,1,True
2023-01-15,5,171,3,63.0,6,1,True
2023-01-15,5,213,1,27.5,6,1,True
2023-01-15,5,222,4,74.0,6,1,True
2023-01-15,5,247,1,35.0,6,1,True
2023-01-15,6,14,1,145.5,6,1,True
2023-01-15,6,65,1,253.5,6,1,True
2023-01-15,6,119,2,355.0,6,1,True
2023-01-15,6,134,1,265.0,6,1,True
2023-01-15,6,145,1,198.0,6,1,True
2023-01-15,6,187,1,198.0,6,1,True
2023-01-15,6,196,1,145.5,6,1,True
2023-01-15,6,213,1,209.5,6,1,True
2023-01-15,6,222,1,142.5,6,1,True
2023-01-15,8,31,1,107.5,6,1,True
2023-01-15,8,65,2,507.0,6,1,True
2023-01-15,8,67,1,218.5,6,1,True
2023-01-15,8,108,1,241.5,6,1,True
2023-01-15,8,161,1,198.0,6,1,True
2023-01-15,8,170,2,524.0,6,1,True
2023-01-15,9,14,3,436.5,6,1,True
2023-01-15,9,15,1,192.0,6,1,True
2023-01-15,9,41,1,163.0,6,1,True
2023-01-15,9,65,1,253.5,6,1,True
2023-01-15,9,119,2,0.0,6,1,True
2023-01-15,9,223,1,122.5,6,1,True
2023-01-15,10,83,1,201.0,6,1,True
2023-01-15,10,135,1,221.5,6,1,True
2023-01-15,11,30,1,24.15,6,1,True
2023-01-15,11,109,1,-17.5,6,1,True
2023-01-15,12,14,2,35.0,6,1,True
2023-01-15,12,30,1,24.15,6,1,True
2023-01-15,12,67,1,26.25,6,1,True
2023-01-15,12,212,2,67.9,6,1,True
2023-01-15,12,213,3,75.6,6,1,True
2023-01-15,12,248,1,12.25,6,1,True
2023-01-15,13,248,1,12.25,6,1,True
2023-01-15,14,65,1,30.45,6,1,True
2023-01-15,14,108,1,29.05,6,1,True
2023-01-15,15,4,1,41.65,6,1,True
2023-01-15,15,40,1,14.7,6,1,True
2023-01-15,16,93,1,17.5,6,1,True
2023-01-15,16,144,1,30.5,6,1,True
2023-01-15,16,197,1,20.0,6,1,True
2023-01-15,17,39,1,20.0,6,1,True
2023-01-15,17,108,1,22.0,6,1,True
2023-01-15,18,13,1,16.5,6,1,True
2023-01-15,19,31,3,30.0,6,1,True
2023-01-15,19,67,1,20.0,6,1,True
2023-01-15,19,213,1,19.5,6,1,True
2023-01-15,20,40,1,11.5,6,1,True
2023-01-15,20,67,1,20.0,6,1,True
2023-01-15,20,212,3,78.0,6,1,True
2023-01-15,20,247,1,24.5,6,1,True
2023-01-15,21,83,1,24.15,6,1,True
2023-01-15,21,91,1,32.9,6,1,True
2023-01-15,21,134,1,31.85,6,1,True
2023-01-15,21,160,1,23.45,6,1,True
2023-01-15,21,169,1,-23.1,6,1,True
2023-01-15,21,196,1,17.5,6,1,True
2023-01-15,21,238,1,28.35,6,1,True
2023-01-15,23,144,3,118.65,6,1,True
2023-01-15,23,239,2,32.9,6,1,True
2023-01-15,24,118,1,39.2,6,1,True
2023-01-15,24,212,1,33.95,6,1,True
2023-01-15,24,213,1,25.2,6,1,True
2023-01-15,24,247,1,32.2,6,1,True
2023-01-15,25,5,1,15.75,6,1,True
2023-01-15,26,4,1,41.65,6,1,True
2023-01-15,26,31,1,-12.95,6,1,True
2023-01-15,26,169,1,38.5,6,1,True
2023-01-15,27,56,1,14.0,6,1,True
2023-01-15,27,65,1,30.45,6,1,True
2023-01-15,27,93,1,23.1,6,1,True
2023-01-15,27,186,2,42.7,6,1,True
2023-01-15,27,238,1,28.35,6,1,True
2023-01-15,30,92,1,11.9,6,1,True
2023-01-15,30,160,1,23.45,6,1,True
2023-01-15,30,195,1,-18.69,6,1,True
2023-01-15,30,197,1,25.9,6,1,True
2023-01-15,30,239,1,16.45,6,1,True
2023-01-15,31,39,1,26.25,6,1,True
2023-01-15,31,56,2,-28.0,6,1,True
2023-01-15,31,82,1,17.15,6,1,True
2023-01-15,31,197,1,-25.9,6,1,True
2023-01-15,31,213,1,25.2,6,1,True
2023-01-15,31,221,1,31.5,6,1,True
2023-01-15,31,249,1,24.15,6,1,True
2023-01-15,32,41,1,19.6,6,1,True
2023-01-15,33,40,1,14.7,6,1,True
2023-01-15,33,118,1,39.2,6,1,True
2023-01-15,33,195,1,31.15,6,1,True
2023-01-15,33,223,1,14.7,6,1,True
2023-01-15,34,82,1,17.15,6,1,True
2023-01-15,34,134,1,31.85,6,1,True
2023-01-16,1,5,1,17.0,0,1,False
2023-01-16,1,13,2,47.0,0,1,False
2023-01-16,1,14,1,19.0,0,1,False
2023-01-16,1,15,2,50.0,0,1,False
2023-01-16,1,41,2,42.0,0,1,False
2023-01-16,1,65,1,33.0,0,1,False
2023-01-16,1,67,1,28.5,0,1,False
2023-01-16,1,83,1,26.0,0,1,False
2023-01-16,1,109,1,19.0,0,1,False
2023-01-16,1,134,1,34.5,0,1,False
2023-01-16,1,135,1,29.0,0,1,False
2023-01-16,1,144,1,43.0,0,1,False
2023-01-16,1,145,1,26.0,0,1,False
2023-01-16,1,161,1,26.0,0,1,False
2023-01-16,1,186,1,23.0,0,1,False
2023-01-16,1,195,1,33.5,0,1,False
2023-01-16,1,212,1,37.0,0,1,False
2023-01-16,1,213,1,27.5,0,1,False
2023-01-16,1,221,1,34.0,0,1,False
2023-01-16,1,238,1,30.5,0,1,False
2023-01-16,1,248,1,13.5,0,1,False
2023-01-16,2,13,1,23.5,0,1,False
2023-01-16,2,41,1,21.0,0,1,False
2023-01-16,2,118,1,42.5,0,1,False
2023-01-16,2,119,1,23.0,0,1,False
2023-01-16,2,187,1,26.0,0,1,False
2023-01-16,2,223,1,16.0,0,1,False
2023-01-16,2,238,2,61.0,0,1,False
2023-01-16,2,247,1,35.0,0,1,False
2023-01-16,2,248,1,13.5,0,1,False
2023-01-16,3,4,1,45.0,0,1,False
2023-01-16,3,30,1,26.0,0,1,False
2023-01-16,3,41,1,-21.0,0,1,False
2023-01-16,3,144,1,43.0,0,1,False
2023-01-16,3,145,1,-26.0,0,1,False
2023-01-16,3,195,1,33.5,0,1,False
2023-01-16,3,221,1,34.0,0,1,False
2023-01-16,4,39,1,28.5,0,1,False
2023-01-16,4,56,1,15.0,0,1,False
2023-01-16,4,82,1,18.5,0,1,False
2023-01-16,4,143,1,36.0,0,1,False
2023-01-16,4,144,1,43.0,0,1,False
2023-01-16,4,169,1,41.5,0,1,False
2023-01-16,4,196,1,19.0,0,1,False
2023-01-16,4,222,2,37.0,0,1,False
2023-01-16,4,239,1,18.0,0,1,False
2023-01-16,4,247,1,35.0,0,1,False
2023-01-16,4,249,1,26.0,0,1,False
2023-01-16,5,13,1,23.5,0,1,False
2023-01-16,5,15,1,25.0,0,1,False
2023-01-16,5,56,1,15.0,0,1,False
2023-01-16,5,66,1,17.5,0,1,False
2023-01-16,5,91,2,71.0,0,1,False
2023-01-16,5,108,1,31.5,0,1,False
2023-01-16,5,144,1,43.0,0,1,False
2023-01-16,5,187,1,26.0,0,1,False
2023-01-16,5,196,3,57.0,0,1,False
2023-01-16,5,213,1,27.5,0,1,False
2023-01-16,5,223,1,16.0,0,1,False
2023-01-16,6,92,1,99.0,0,1,False
2023-01-16,6,145,1,198.0,0,1,False
2023-01-16,6,221,1,262.0,0,1,False
2023-01-16,7,66,1,134.0,0,1,False
2023-01-16,7,171,1,163.0,0,1,False
2023-01-16,7,196,1,145.5,0,1,False
2023-01-16,7,213,1,209.5,0,1,False
2023-01-16,8,119,1,177.5,0,1,False
2023-01-16,8,197,1,215.5,0,1,False
2023-01-16,8,247,1,268.0,0,1,False
2023-01-16,8,248,1,102.0,0,1,False
2023-01-16,8,249,1,201.0,0,1,False
2023-01-16,9,41,1,163.0,0,1,False
2023-01-16,9,67,1,218.5,0,1,False
2023-01-16,9,118,1,326.0,0,1,False
2023-01-16,9,195,1,259.0,0,1,False
2023-01-16,10,15,1,192.0,0,1,False
2023-01-16,11,39,2,10.5,0,1,False
2023-01-16,11,41,1,19.6,0,1,False
2023-01-16,11,213,1,25.2,0,1,False
2023-01-16,12,135,1,-26.6,0,1,False
2023-01-16,13,213,1,25.2,0,1,False
2023-01-16,14,161,1,23.8,0,1,False
2023-01-16,15,247,1,32.2,0,1,False
2023-01-16,16,83,1,18.5,0,1,False
2023-01-16,16,91,1,25.0,0,1,False
2023-01-16,16,249,1,18.5,0,1,False
2023-01-16,19,161,1,18.0,0,1,False
2023-01-16,20,39,2,40.0,0,1,False
2023-01-16,20,135,1,20.5,0,1,False
2023-01-16,21,57,1,14.35,0,1,False
2023-01-16,21,108,1,29.05,0,1,False
2023-01-16,22,221,1,31.5,0,1,False
2023-01-16,25,41,1,19.6,0,1,False
2023-01-16,27,91,1,32.9,0,1,False
2023-01-16,27,160,1,23.45,0,1,False
2023-01-16,27,195,1,31.15,0,1,False
2023-01-16,27,238,1,28.35,0,1,False
2023-01-16,29,134,1,31.85,0,1,False
2023-01-16,30,15,1,23.1,0,1,False
2023-01-16,30,65,1,30.45,0,1,False
2023-01-16,30,196,1,17.5,0,1,False
2023-01-16,31,13,1,-13.02,0,1,False
2023-01-16,31,92,1,11.9,0,1,False
2023-01-16,34,169,3,115.5,0,1,False
2023-01-16,35,40,1,14.7,0,1,False
2023-01-16,35,82,1,17.15,0,1,False
2023-01-16,35,239,1,16.45,0,1,False
2023-01-17,1,56,1,15.0,1,1,False
2023-01-17,1,66,1,17.5,1,1,False
2023-01-17,1,117,1,30.5,1,1,False
2023-01-17,1,169,1,41.5,1,1,False
2023-01-17,1,170,1,34.0,1,1,False
2023-01-17,1,186,1,23.0,1,1,False
2023-01-17,1,196,1,19.0,1,1,False
2023-01-17,1,212,1,37.0,1,1,False
2023-01-17,1,222,1,18.5,1,1,False
2023-01-17,2,4,1,45.0,1,1,False
2023-01-17,2,66,1,17.5,1,1,False
2023-01-17,2,161,1,26.0,1,1,False
2023-01-17,2,247,1,-21.0,1,1,False
2023-01-17,3,117,2,61.0,1,1,False
2023-01-17,3,119,1,23.0,1,1,False
2023-01-17,3,143,2,14.399999999999999,1,1,False
2023-01-17,3,249,1,26.0,1,1,False
2023-01-17,4,13,1,23.5,1,1,False
2023-01-17,4,91,1,35.5,1,1,False
2023-01-17,4,169,3,124.5,1,1,False
2023-01-17,4,221,1,34.0,1,1,False
2023-01-17,4,223,1,-16.0,1,1,False
2023-01-17,4,239,1,-18.0,1,1,False
2023-01-17,5,187,1,26.0,1,1,False
2023-01-17,5,197,1,28.0,1,1,False
2023-01-17,5,249,1,26.0,1,1,False
2023-01-17,6,118,1,326.0,1,1,False
2023-01-17,6,135,1,221.5,1,1,False
2023-01-17,6,169,1,320.5,1,1,False
2023-01-17,7,31,1,107.5,1,1,False
2023-01-17,7,171,1,-163.0,1,1,False
2023-01-17,7,247,1,268.0,1,1,False
2023-01-17,7,248,1,102.0,1,1,False
2023-01-17,8,160,1,195.0,1,1,False
2023-01-17,9,15,3,576.0,1,1,False
2023-01-17,9,82,1,142.5,1,1,False
2023-01-17,9,145,1,198.0,1,1,False
2023-01-17,9,222,1,142.5,1,1,False
2023-01-17,9,223,1,122.5,1,1,False
2023-01-17,10,66,1,134.0,1,1,False
2023-01-17,11,171,3,58.8,1,1,False
2023-01-17,12,30,2,48.3,1,1,False
2023-01-17,13,118,1,-39.2,1,1,False
2023-01-17,14,82,1,17.15,1,1,False
2023-01-17,14,93,1,23.1,1,1,False
2023-01-17,15,144,2,79.1,1,1,False
2023-01-17,17,186,2,33.0,1,1,False
2023-01-17,17,213,1,19.5,1,1,False
2023-01-17,18,195,1,24.0,1,1,False
2023-01-17,20,222,1,13.0,1,1,False
2023-01-17,21,56,1,14.0,1,1,False
2023-01-17,21,92,2,23.8,1,1,False
2023-01-17,21,197,1,25.9,1,1,False
2023-01-17,22,5,1,15.75,1,1,False
2023-01-17,22,212,1,33.95,1,1,False
2023-01-17,23,117,1,28.0,1,1,False
2023-01-17,24,134,1,31.85,1,1,False
2023-01-17,27,160,1,23.45,1,1,False
2023-01-17,32,160,1,23.45,1,1,False
2023-01-17,33,108,2,58.1,1,1,False
2023-01-17,35,109,3,52.5,1,1,False
2023-01-18,1,13,1,23.5,2,1,False
2023-01-18,1,31,1,14.0,2,1,False
2023-01-18,1,40,1,16.0,2,1,False
2023-01-18,1,92,1,13.0,2,1,False
2023-01-18,1,118,1,42.5,2,1,False
2023-01-18,1,169,4,166.0,2,1,False
2023-01-18,1,187,1,26.0,2,1,False
2023-01-18,1,221,1,34.0,2,1,False
2023-01-18,1,239,1,18.0,2,1,False
2023-01-18,2,4,1,45.0,2,1,False
2023-01-18,2,93,1,25.0,2,1,False
2023-01-18,2,109,2,38.0,2,1,False
2023-01-18,2,134,1,34.5,2,1,False
2023-01-18,3,83,1,26.0,2,1,False
2023-01-18,4,4,1,45.0,2,1,False
2023-01-18,4,40,1,-16.0,2,1,False
2023-01-18,4,67,1,28.5,2,1,False
2023-01-18,4,83,1,26.0,2,1,False
2023-01-18,4,171,1,21.0,2,1,False
2023-01-18,4,197,1,28.0,2,1,False
2023-01-18,5,56,1,15.0,2,1,False
2023-01-18,6,67,1,218.5,2,1,False
2023-01-18,6,118,1,326.0,2,1,False
2023-01-18,6,144,1,329.0,2,1,False
2023-01-18,6,170,1,262.0,2,1,False
2023-01-18,7,135,1,221.5,2,1,False
2023-01-18,8,13,1,180.5,2,1,False
2023-01-18,9,13,1,-180.5,2,1,False
2023-01-18,9,41,1,163.0,2,1,False
2023-01-18,9,66,1,134.0,2,1,False
2023-01-18,9,93,1,192.0,2,1,False
2023-01-18,9,160,1,195.0,2,1,False
2023-01-18,9,221,2,524.0,2,1,False
2023-01-18,10,67,1,218.5,2,1,False
2023-01-18,11,196,1,17.5,2,1,False
2023-01-18,12,118,1,39.2,2,1,False
2023-01-18,14,119,1,21.35,2,1,False
2023-01-18,15,5,1,15.75,2,1,False
2023-01-18,15,31,1,12.95,2,1,False
2023-01-18,16,41,1,15.0,2,1,False
2023-01-18,16,161,2,36.0,2,1,False
2023-01-18,17,144,1,30.5,2,1,False
2023-01-18,17,249,1,18.5,2,1,False
2023-01-18,19,5,1,12.0,2,1,False
2023-01-18,19,144,2,61.0,2,1,False
2023-01-18,19,197,1,20.0,2,1,False
2023-01-18,20,83,1,18.5,2,1,False
2023-01-18,20,238,1,21.5,2,1,False
2023-01-18,21,160,1,23.45,2,1,False
2023-01-18,21,170,1,31.5,2,1,False
2023-01-18,22,248,1,12.25,2,1,False
2023-01-18,24,187,1,23.8,2,1,False
2023-01-18,24,213,1,25.2,2,1,False
2023-01-18,26,65,1,30.45,2,1,False
2023-01-18,27,41,1,19.6,2,1,False
2023-01-18,28,91,1,32.9,2,1,False
2023-01-18,31,65,1,30.45,2,1,False
2023-01-18,31,117,1,28.0,2,1,False
2023-01-18,32,30,1,24.15,2,1,False
2023-01-18,32,118,3,117.6,2,1,False
2023-01-18,32,119,1,21.35,2,1,False
2023-01-18,33,169,1,38.5,2,1,False
2023-01-19,1,134,1,34.5,3,1,False
2023-01-19,1,161,1,26.0,3,1,False
2023-01-19,1,186,1,23.0,3,1,False
2023-01-19,2,57,1,15.5,3,1,False
2023-01-19,2,65,1,33.0,3,1,False
2023-01-19,2,135,1,29.0,3,1,False
2023-01-19,2,195,1,33.5,3,1,False
2023-01-19,2,213,1,27.5,3,1,False
2023-01-19,3,65,1,33.0,3,1,False
2023-01-19,3,83,1,26.0,3,1,False
2023-01-19,3,247,1,35.0,3,1,False
2023-01-19,4,65,2,66.0,3,1,False
2023-01-19,4,91,1,35.5,3,1,False
2023-01-19,5,14,1,19.0,3,1,False
2023-01-19,6,4,1,346.5,3,1,False
2023-01-19,6,5,1,131.0,3,1,False
2023-01-19,6,144,1,329.0,3,1,False
2023-01-19,6,169,1,320.5,3,1,False
2023-01-19,7,39,1,218.5,3,1,False
2023-01-19,8,83,1,201.0,3,1,False
2023-01-19,8,93,1,192.0,3,1,False
2023-01-19,8,196,1,145.5,3,1,False
2023-01-19,8,238,1,236.0,3,1,False
2023-01-19,8,239,1,137.0,3,1,False
2023-01-19,9,67,1,218.5,3,1,False
2023-01-19,9,91,1,273.5,3,1,False
2023-01-19,9,92,1,99.0,3,1,False
2023-01-19,9,134,2,530.0,3,1,False
2023-01-19,9,143,1,276.5,3,1,False
2023-01-19,9,144,1,329.0,3,1,False
2023-01-19,9,145,1,198.0,3,1,False
2023-01-19,9,195,1,259.0,3,1,False
2023-01-19,9,196,1,145.5,3,1,False
2023-01-19,9,248,3,306.0,3,1,False
2023-01-19,10,15,1,192.0,3,1,False
2023-01-19,10,82,1,142.5,3,1,False
2023-01-19,10,213,1,209.5,3,1,False
2023-01-19,10,248,1,102.0,3,1,False
2023-01-19,11,108,1,29.05,3,1,False
2023-01-19,12,14,1,17.5,3,1,False
2023-01-19,12,135,1,26.6,3,1,False
2023-01-19,13,31,3,38.85,3,1,False
2023-01-19,13,117,1,28.0,3,1,False
2023-01-19,13,196,1,17.5,3,1,False
2023-01-19,14,82,1,17.15,3,1,False
2023-01-19,14,171,1,19.6,3,1,False
2023-01-19,14,221,1,31.5,3,1,False
2023-01-19,15,67,1,26.25,3,1,False
2023-01-19,16,66,1,12.5,3,1,False
2023-01-19,16,161,1,18.0,3,1,False
2023-01-19,16,223,1,11.5,3,1,False
2023-01-19,17,186,1,16.5,3,1,False
2023-01-19,19,134,1,24.5,3,1,False
2023-01-19,20,238,1,21.5,3,1,False
2023-01-19,23,247,1,32.2,3,1,False
2023-01-19,26,14,1,17.5,3,1,False
2023-01-19,26,212,2,67.9,3,1,False
2023-01-19,27,82,1,17.15,3,1,False
2023-01-19,30,108,1,29.05,3,1,False
2023-01-19,33,249,1,24.15,3,1,False
2023-01-19,34,92,1,11.9,3,1,False
2023-01-19,34,169,1,38.5,3,1,False
2023-01-20,1,5,1,17.0,4,1,False
2023-01-20,1,67,2,57.0,4,1,False
2023-01-20,1,93,1,25.0,4,1,False
2023-01-20,1,143,1,36.0,4,1,False
2023-01-20,1,144,1,43.0,4,1,False
2023-01-20,1,197,1,28.0,4,1,False
2023-01-20,1,247,2,70.0,4,1,False
2023-01-20,1,249,1,26.0,4,1,False
2023-01-20,2,13,1,23.5,4,1,False
2023-01-20,2,14,1,19.0,4,1,False
2023-01-20,2,57,1,-15.5,4,1,False
2023-01-20,2,83,1,26.0,4,1,False
2023-01-20,2,135,1,29.0,4,1,False
2023-01-20,2,197,1,28.0,4,1,False
2023-01-20,3,30,1,26.0,4,1,False
2023-01-20,3,41,1,21.0,4,1,False
2023-01-20,3,135,1,29.0,4,1,False
2023-01-20,3,160,1,25.5,4,1,False
2023-01-20,4,5,1,17.0,4,1,False
2023-01-20,4,40,1,16.0,4,1,False
2023-01-20,4,56,1,15.0,4,1,False
2023-01-20,4,82,1,18.5,4,1,False
2023-01-20,4,161,1,26.0,4,1,False
2023-01-20,5,221,1,34.0,4,1,False
2023-01-20,6,5,1,-131.0,4,1,False
2023-01-20,6,41,1,163.0,4,1,False
2023-01-20,6,66,2,268.0,4,1,False
2023-01-20,6,82,1,142.5,4,1,False
2023-01-20,6,223,1,122.5,4,1,False
2023-01-20,7,144,1,329.0,4,1,False
2023-01-20,7,196,1,145.5,4,1,False
2023-01-20,7,239,1,137.0,4,1,False
2023-01-20,7,249,1,201.0,4,1,False
2023-01-20,8,238,3,708.0,4,1,False
2023-01-20,9,108,1,241.5,4,1,False
2023-01-20,9,134,1,265.0,4,1,False
2023-01-20,10,39,1,218.5,4,1,False
2023-01-20,10,83,1,201.0,4,1,False
2023-01-20,10,169,1,320.5,4,1,False
2023-01-20,11,247,1,32.2,4,1,False
2023-01-20,12,39,1,26.25,4,1,False
2023-01-20,12,144,1,39.55,4,1,False
2023-01-20,13,108,2,58.1,4,1,False
2023-01-20,15,196,1,17.5,4,1,False
2023-01-20,17,39,1,20.0,4,1,False
2023-01-20,18,57,1,11.0,4,1,False
2023-01-20,20,67,1,20.0,4,1,False
2023-01-20,20,197,1,20.0,4,1,False
2023-01-20,21,40,1,14.7,4,1,False
2023-01-20,21,134,1,31.85,4,1,False
2023-01-20,21,161,1,23.8,4,1,False
2023-01-20,21,197,1,25.9,4,1,False
2023-01-20,22,30,1,24.15,4,1,False
2023-01-20,23,65,1,30.45,4,1,False
2023-01-20,23,197,1,25.9,4,1,False
2023-01-20,23,248,1,12.25,4,1,False
2023-01-20,24,169,1,38.5,4,1,False
2023-01-20,25,83,1,24.15,4,1,False
2023-01-20,26,92,1,11.9,4,1,False
2023-01-20,28,93,1,23.1,4,1,False
2023-01-20,28,247,3,-57.96,4,1,False
2023-01-20,30,4,1,41.65,4,1,False
2023-01-20,30,109,2,-35.0,4,1,False
2023-01-20,30,143,1,33.25,4,1,False
2023-01-20,30,187,1,23.8,4,1,False
2023-01-20,31,4,1,41.65,4,1,False
2023-01-20,31,15,1,23.1,4,1,False
2023-01-20,31,108,1,29.05,4,1,False
2023-01-20,31,160,1,23.45,4,1,False
2023-01-20,31,186,1,21.35,4,1,False
2023-01-20,31,197,1,25.9,4,1,False
2023-01-20,32,30,1,24.15,4,1,False
2023-01-21,1,13,1,23.5,5,1,True
2023-01-21,1,15,1,25.0,5,1,True
2023-01-21,1,39,1,28.5,5,1,True
2023-01-21,1,57,1,15.5,5,1,True
2023-01-21,1,83,2,52.0,5,1,True
2023-01-21,1,92,4,52.0,5,1,True
2023-01-21,1,117,1,30.5,5,1,True
2023-01-21,1,119,1,23.0,5,1,True
2023-01-21,1,135,1,29.0,5,1,True
2023-01-21,1,143,1,-36.0,5,1,True
2023-01-21,1,144,1,-43.0,5,1,True
2023-01-21,1,197,1,28.0,5,1,True
2023-01-21,1,248,3,40.5,5,1,True
2023-01-21,1,249,1,26.0,5,1,True
2023-01-21,2,14,1,19.0,5,1,True
2023-01-21,2,30,1,26.0,5,1,True
2023-01-21,2,83,1,26.0,5,1,True
2023-01-21,2,91,1,35.5,5,1,True
2023-01-21,2,118,1,42.5,5,1,True
2023-01-21,2,134,1,-34.5,5,1,True
2023-01-21,2,195,1,33.5,5,1,True
2023-01-21,3,14,1,19.0,5,1,True
2023-01-21,3,30,1,-26.0,5,1,True
2023-01-21,3,39,1,-28.5,5,1,True
2023-01-21,3,40,2,32.0,5,1,True
2023-01-21,3,65,1,33.0,5,1,True
2023-01-21,3,82,1,18.5,5,1,True
2023-01-21,3,108,3,94.5,5,1,True
2023-01-21,3,239,1,18.0,5,1,True
2023-01-21,3,249,1,26.0,5,1,True
2023-01-21,4,66,1,17.5,5,1,True
2023-01-21,4,108,1,31.5,5,1,True
2023-01-21,4,117,1,30.5,5,1,True
2023-01-21,4,144,1,43.0,5,1,True
2023-01-21,4,169,1,41.5,5,1,True
2023-01-21,4,222,1,18.5,5,1,True
2023-01-21,5,4,1,45.0,5,1,True
2023-01-21,5,39,1,-17.1,5,1,True
2023-01-21,5,82,1,18.5,5,1,True
2023-01-21,5,83,1,26.0,5,1,True
2023-01-21,5,108,1,31.5,5,1,True
2023-01-21,5,247,1,35.0,5,1,True
2023-01-21,6,14,1,145.5,5,1,True
2023-01-21,6,41,1,-163.0,5,1,True
2023-01-21,6,66,1,-134.0,5,1,True
2023-01-21,6,169,1,320.5,5,1,True
2023-01-21,6,187,1,198.0,5,1,True
2023-01-21,6,247,1,268.0,5,1,True
2023-01-21,6,248,4,408.0,5,1,True
2023-01-21,7,143,1,276.5,5,1,True
2023-01-21,7,169,1,320.5,5,1,True
2023-01-21,7,197,1,215.5,5,1,True
2023-01-21,8,4,1,346.5,5,1,True
2023-01-21,8,5,2,262.0,5,1,True
2023-01-21,8,39,1,218.5,5,1,True
2023-01-21,8,40,1,122.5,5,1,True
2023-01-21,8,66,2,0.0,5,1,True
2023-01-21,8,91,1,273.5,5,1,True
2023-01-21,8,186,1,177.5,5,1,True
2023-01-21,8,221,1,262.0,5,1,True
2023-01-21,8,223,2,0.0,5,1,True
2023-01-21,9,13,2,361.0,5,1,True
2023-01-21,9,40,1,122.5,5,1,True
2023-01-21,9,57,1,119.5,5,1,True
2023-01-21,9,169,2,641.0,5,1,True
2023-01-21,9,223,1,122.5,5,1,True
2023-01-21,9,238,2,472.0,5,1,True
2023-01-21,10,15,1,192.0,5,1,True
2023-01-21,10,31,1,107.5,5,1,True
2023-01-21,10,119,1,177.5,5,1,True
2023-01-21,10,160,1,195.0,5,1,True
2023-01-21,11,117,1,28.0,5,1,True
2023-01-21,11,238,1,28.35,5,1,True
2023-01-21,12,40,1,14.7,5,1,True
2023-01-21,12,109,1,17.5,5,1,True
2023-01-21,12,119,1,21.35,5,1,True
2023-01-21,12,135,1,26.6,5,1,True
2023-01-21,12,161,1,23.8,5,1,True
2023-01-21,12,195,1,31.15,5,1,True
2023-01-21,12,239,1,16.45,5,1,True
2023-01-21,13,56,1,14.0,5,1,True
2023-01-21,14,5,1,15.75,5,1,True
2023-01-21,14,56,1,14.0,5,1,True
2023-01-21,14,91,1,32.9,5,1,True
2023-01-21,14,119,1,21.35,5,1,True
2023-01-21,14,134,1,31.85,5,1,True
2023-01-21,15,40,1,14.7,5,1,True
2023-01-21,16,65,1,23.5,5,1,True
2023-01-21,16,91,1,25.0,5,1,True
2023-01-21,16,118,1,30.0,5,1,True
2023-01-21,16,195,1,24.0,5,1,True
2023-01-21,17,56,1,10.5,5,1,True
2023-01-21,17,65,1,23.5,5,1,True
2023-01-21,17,108,2,44.0,5,1,True
2023-01-21,17,144,1,30.5,5,1,True
2023-01-21,17,170,1,24.0,5,1,True
2023-01-21,17,171,1,15.0,5,1,True
2023-01-21,17,223,1,11.5,5,1,True
2023-01-21,17,247,1,24.5,5,1,True
2023-01-21,17,249,1,18.5,5,1,True
2023-01-21,18,31,1,10.0,5,1,True
2023-01-21,18,92,1,9.0,5,1,True
2023-01-21,18,212,1,26.0,5,1,True
2023-01-21,18,213,1,19.5,5,1,True
2023-01-21,19,170,1,24.0,5,1,True
2023-01-21,20,30,1,18.5,5,1,True
2023-01-21,20,117,1,21.5,5,1,True
2023-01-21,20,221,2,48.0,5,1,True
2023-01-21,21,143,1,33.25,5,1,True
2023-01-21,21,144,1,39.55,5,1,True
2023-01-21,21,186,1,21.35,5,1,True
2023-01-21,22,117,2,56.0,5,1,True
2023-01-21,22,197,1,25.9,5,1,True
2023-01-21,22,212,1,-33.95,5,1,True
2023-01-21,23,40,1,14.7,5,1,True
2023-01-21,23,83,1,24.15,5,1,True
2023-01-21,23,160,1,23.45,5,1,True
2023-01-21,23,171,1,-19.6,5,1,True
2023-01-21,24,145,1,23.8,5,1,True
2023-01-21,24,248,1,12.25,5,1,True
2023-01-21,25,5,1,15.75,5,1,True
2023-01-21,25,238,1,28.35,5,1,True
2023-01-21,26,15,1,23.1,5,1,True
2023-01-21,26,67,1,26.25,5,1,True
2023-01-21,26,83,1,24.15,5,1,True
2023-01-21,26,109,1,17.5,5,1,True
2023-01-21,26,118,1,39.2,5,1,True
2023-01-21,27,30,1,24.15,5,1,True
2023-01-21,28,57,1,14.35,5,1,True
2023-01-21,29,30,1,24.15,5,1,True
2023-01-21,29,223,1,14.7,5,1,True
2023-01-21,30,143,1,33.25,5,1,True
2023-01-21,30,212,1,33.95,5,1,True
2023-01-21,30,248,1,12.25,5,1,True
2023-01-21,31,15,1,23.1,5,1,True
2023-01-21,31,169,1,38.5,5,1,True
2023-01-21,31,212,1,33.95,5,1,True
2023-01-21,31,222,2,0.0,5,1,True
2023-01-21,32,134,1,31.85,5,1,True
2023-01-21,33,197,1,25.9,5,1,True
2023-01-21,34,39,1,26.25,5,1,True
2023-01-21,35,15,1,23.1,5,1,True
2023-01-22,1,4,1,-45.0,6,1,True
2023-01-22,1,31,2,28.0,6,1,True
2023-01-22,1,41,1,21.0,6,1,True
2023-01-22,1,67,4,114.0,6,1,True
2023-01-22,1,91,1,35.5,6,1,True
2023-01-22,1,117,1,30.5,6,1,True
2023-01-22,1,170,1,34.0,6,1,True
2023-01-22,1,187,1,26.0,6,1,True
2023-01-22,1,213,1,27.5,6,1,True
2023-01-22,1,222,2,37.0,6,1,True
2023-01-22,1,247,3,105.0,6,1,True
2023-01-22,1,249,1,26.0,6,1,True
2023-01-22,2,83,1,-26.0,6,1,True
2023-01-22,2,145,1,26.0,6,1,True
2023-01-22,2,170,2,68.0,6,1,True
2023-01-22,3,30,1,26.0,6,1,True
2023-01-22,3,108,1,31.5,6,1,True
2023-01-22,3,119,1,23.0,6,1,True
2023-01-22,3,160,1,25.5,6,1,True
2023-01-22,3,171,1,21.0,6,1,True
2023-01-22,3,223,1,16.0,6,1,True
2023-01-22,4,65,1,33.0,6,1,True
2023-01-22,4,66,1,17.5,6,1,True
2023-01-22,4,82,1,18.5,6,1,True
2023-01-22,4,83,1,26.0,6,1,True
2023-01-22,4,187,1,26.0,6,1,True
2023-01-22,4,248,1,13.5,6,1,True
2023-01-22,4,249,1,26.0,6,1,True
2023-01-22,5,13,1,23.5,6,1,True
2023-01-22,5,67,3,85.5,6,1,True
2023-01-22,5,83,1,-26.0,6,1,True
2023-01-22,5,92,1,13.0,6,1,True
2023-01-22,5,187,2,52.0,6,1,True
2023-01-22,6,14,2,291.0,6,1,True
2023-01-22,6,39,5,1092.5,6,1,True
2023-01-22,6,56,1,116.5,6,1,True
2023-01-22,6,65,1,253.5,6,1,True
2023-01-22,6,67,1,218.5,6,1,True
2023-01-22,6,92,1,99.0,6,1,True
2023-01-22,6,93,1,192.0,6,1,True
2023-01-22,6,108,1,241.5,6,1,True
2023-01-22,6,144,1,329.0,6,1,True
2023-01-22,6,160,1,195.0,6,1,True
2023-01-22,6,169,1,320.5,6,1,True
2023-01-22,6,186,3,532.5,6,1,True
2023-01-22,6,221,3,786.0,6,1,True
2023-01-22,6,223,4,245.0,6,1,True
2023-01-22,6,238,2,472.0,6,1,True
2023-01-22,6,239,2,274.0,6,1,True
2023-01-22,6,248,1,-102.0,6,1,True
2023-01-22,7,15,1,192.0,6,1,True
2023-01-22,7,39,1,-218.5,6,1,True
2023-01-22,7,118,1,326.0,6,1,True
2023-01-22,7,238,4,944.0,6,1,True
2023-01-22,8,14,1,145.5,6,1,True
2023-01-22,8,66,1,134.0,6,1,True
2023-01-22,8,67,1,218.5,6,1,True
2023-01-22,8,92,2,198.0,6,1,True
2023-01-22,8,143,1,276.5,6,1,True
2023-01-22,8,161,1,198.0,6,1,True
2023-01-22,8,196,1,145.5,6,1,True
2023-01-22,8,213,1,209.5,6,1,True
2023-01-22,8,221,2,0.0,6,1,True
2023-01-22,8,247,1,268.0,6,1,True
2023-01-22,8,248,1,102.0,6,1,True
2023-01-22,8,249,1,201.0,6,1,True
2023-01-22,9,5,1,131.0,6,1,True
2023-01-22,9,39,2,437.0,6,1,True
2023-01-22,9,41,1,163.0,6,1,True
2023-01-22,9,108,1,241.5,6,1,True
2023-01-22,9,109,1,145.5,6,1,True
2023-01-22,9,118,1,326.0,6,1,True
2023-01-22,9,135,1,221.5,6,1,True
2023-01-22,9,144,1,329.0,6,1,True
2023-01-22,9,223,1,122.5,6,1,True
2023-01-22,9,238,1,236.0,6,1,True
2023-01-22,9,248,1,102.0,6,1,True
2023-01-22,9,249,2,402.0,6,1,True
2023-01-22,10,15,1,192.0,6,1,True
2023-01-22,10,39,2,437.0,6,1,True
2023-01-22,10,40,1,122.5,6,1,True
2023-01-22,10,65,1,253.5,6,1,True
2023-01-22,10,67,2,437.0,6,1,True
2023-01-22,10,93,1,192.0,6,1,True
2023-01-22,10,117,1,233.0,6,1,True
2023-01-22,10,187,3,594.0,6,1,True
2023-01-22,10,212,1,282.5,6,1,True
2023-01-22,10,221,1,262.0,6,1,True
2023-01-22,11,65,1,30.45,6,1,True
2023-01-22,11,67,3,78.75,6,1,True
2023-01-22,11,83,1,24.15,6,1,True
2023-01-22,11,134,2,63.7,6,1,True
2023-01-22,11,145,1,23.8,6,1,True
2023-01-22,11,247,1,32.2,6,1,True
2023-01-22,12,135,1,26.6,6,1,True
2023-01-22,12,144,1,39.55,6,1,True
2023-01-22,12,223,1,14.7,6,1,True
2023-01-22,13,4,1,41.65,6,1,True
2023-01-22,14,4,1,41.65,6,1,True
2023-01-22,14,92,1,11.9,6,1,True
2023-01-22,15,117,1,28.0,6,1,True
2023-01-22,15,135,1,26.6,6,1,True
2023-01-22,16,13,1,16.5,6,1,True
2023-01-22,16,41,1,15.0,6,1,True
2023-01-22,16,57,1,11.0,6,1,True
2023-01-22,16,144,1,30.5,6,1,True
2023-01-22,16,145,1,18.0,6,1,True
2023-01-22,16,161,1,18.0,6,1,True
2023-01-22,16,222,1,13.0,6,1,True
2023-01-22,17,248,1,9.5,6,1,True
2023-01-22,17,249,1,18.5,6,1,True
2023-01-22,18,66,1,12.5,6,1,True
2023-01-22,18,91,1,25.0,6,1,True
2023-01-22,19,4,1,32.0,6,1,True
2023-01-22,19,93,1,17.5,6,1,True
2023-01-22,20,40,2,23.0,6,1,True
2023-01-22,20,161,1,18.0,6,1,True
2023-01-22,21,4,1,41.65,6,1,True
2023-01-22,21,13,2,8.68,6,1,True
2023-01-22,21,134,1,31.85,6,1,True
2023-01-22,21,186,1,21.35,6,1,True
2023-01-22,22,56,1,14.0,6,1,True
2023-01-22,22,144,1,39.55,6,1,True
2023-01-22,22,169,1,38.5,6,1,True
2023-01-22,22,249,1,24.15,6,1,True
2023-01-22,23,30,1,24.15,6,1,True
2023-01-22,25,119,1,21.35,6,1,True
2023-01-22,26,57,1,14.35,6,1,True
2023-01-22,26,109,1,17.5,6,1,True
2023-01-22,28,67,1,26.25,6,1,True
2023-01-22,29,31,1,12.95,6,1,True
2023-01-22,29,83,1,24.15,6,1,True
2023-01-22,29,144,3,118.65,6,1,True
2023-01-22,29,248,1,12.25,6,1,True
2023-01-22,30,195,1,31.15,6,1,True
2023-01-22,31,13,1,21.7,6,1,True
2023-01-22,31,39,1,26.25,6,1,True
2023-01-22,31,82,3,51.45,6,1,True
2023-01-22,32,93,1,23.1,6,1,True
2023-01-22,33,14,1,17.5,6,1,True
2023-01-22,33,169,1,38.5,6,1,True
2023-01-22,33,221,1,31.5,6,1,True
2023-01-22,34,4,1,41.65,6,1,True
2023-01-22,34,223,1,14.7,6,1,True
2023-01-23,1,93,1,25.0,0,1,False
2023-01-23,1,145,1,26.0,0,1,False
2023-01-23,1,187,1,26.0,0,1,False
2023-01-23,1,221,2,68.0,0,1,False
2023-01-23,2,92,1,13.0,0,1,False
2023-01-23,2,134,2,69.0,0,1,False
2023-01-23,3,213,1,27.5,0,1,False
2023-01-23,4,14,1,19.0,0,1,False
2023-01-23,4,196,1,19.0,0,1,False
2023-01-23,5,15,1,25.0,0,1,False
2023-01-23,5,197,1,28.0,0,1,False
2023-01-23,6,31,1,107.5,0,1,False
2023-01-23,6,67,1,218.5,0,1,False
2023-01-23,6,119,1,177.5,0,1,False
2023-01-23,7,83,3,603.0,0,1,False
2023-01-23,7,171,1,163.0,0,1,False
2023-01-23,8,31,1,107.5,0,1,False
2023-01-23,8,93,1,192.0,0,1,False
2023-01-23,8,118,1,326.0,0,1,False
2023-01-23,8,249,1,201.0,0,1,False
2023-01-23,9,119,1,177.5,0,1,False
2023-01-23,9,169,1,320.5,0,1,False
2023-01-23,9,196,1,145.5,0,1,False
2023-01-23,9,223,1,122.5,0,1,False
2023-01-23,9,238,1,236.0,0,1,False
2023-01-23,9,239,1,137.0,0,1,False
2023-01-23,10,93,1,192.0,0,1,False
2023-01-23,11,31,1,12.95,0,1,False
2023-01-23,12,39,1,26.25,0,1,False
2023-01-23,12,119,1,21.35,0,1,False
2023-01-23,12,135,1,26.6,0,1,False
2023-01-23,12,144,1,39.55,0,1,False
2023-01-23,12,186,1,21.35,0,1,False
2023-01-23,13,223,3,44.1,0,1,False
2023-01-23,14,238,1,28.35,0,1,False
2023-01-23,15,187,1,23.8,0,1,False
2023-01-23,17,39,1,20.0,0,1,False
2023-01-23,18,41,2,30.0,0,1,False
2023-01-23,18,195,1,24.0,0,1,False
2023-01-23,19,118,1,30.0,0,1,False
2023-01-23,19,161,2,36.0,0,1,False
2023-01-23,19,169,1,29.5,0,1,False
2023-01-23,20,135,1,20.5,0,1,False
2023-01-23,21,83,1,24.15,0,1,False
2023-01-23,21,119,1,21.35,0,1,False
2023-01-23,22,170,1,31.5,0,1,False
2023-01-23,24,134,1,31.85,0,1,False
2023-01-23,24,170,1,31.5,0,1,False
2023-01-23,28,196,1,17.5,0,1,False
2023-01-23,29,57,1,14.35,0,1,False
2023-01-23,29,135,1,26.6,0,1,False
2023-01-23,30,221,1,31.5,0,1,False
2023-01-23,31,213,2,50.4,0,1,False
2023-01-23,34,238,1,28.35,0,1,False
2023-01-24,1,5,1,17.0,1,1,False
2023-01-24,1,15,1,25.0,1,1,False
2023-01-24,1,31,1,14.0,1,1,False
2023-01-24,1,41,1,-21.0,1,1,False
2023-01-24,1,67,2,0.0,1,1,False
2023-01-24,1,117,1,30.5,1,1,False
2023-01-24,1,160,1,25.5,1,1,False
2023-01-24,2,82,1,18.5,1,1,False
2023-01-24,2,92,1,13.0,1,1,False
2023-01-24,2,117,2,61.0,1,1,False
2023-01-24,2,212,2,74.0,1,1,False
2023-01-24,3,57,1,15.5,1,1,False
2023-01-24,3,83,1,26.0,1,1,False
2023-01-24,3,169,1,41.5,1,1,False
2023-01-24,4,91,1,35.5,1,1,False
2023-01-24,4,93,1,25.0,1,1,False
2023-01-24,4,109,1,19.0,1,1,False
2023-01-24,4,171,1,21.0,1,1,False
2023-01-24,5,144,1,43.0,1,1,False
2023-01-24,6,119,2,355.0,1,1,False
2023-01-24,6,160,1,195.0,1,1,False
2023-01-24,7,5,1,131.0,1,1,False
2023-01-24,7,57,1,119.5,1,1,False
2023-01-24,7,169,1,320.5,1,1,False
2023-01-24,8,66,1,134.0,1,1,False
2023-01-24,8,91,1,273.5,1,1,False
2023-01-24,8,144,1,329.0,1,1,False
2023-01-24,8,196,1,145.5,1,1,False
2023-01-24,9,30,3,603.0,1,1,False
2023-01-24,9,31,1,107.5,1,1,False
2023-01-24,9,135,1,221.5,1,1,False
2023-01-24,9,248,1,102.0,1,1,False
2023-01-24,10,160,1,195.0,1,1,False
2023-01-24,10,169,1,320.5,1,1,False
2023-01-24,10,196,1,145.5,1,1,False
2023-01-24,10,222,1,142.5,1,1,False
2023-01-24,10,249,1,201.0,1,1,False
2023-01-24,11,65,1,30.45,1,1,False
2023-01-24,11,83,1,24.15,1,1,False
2023-01-24,11,119,1,21.35,1,1,False
2023-01-24,11,143,1,33.25,1,1,False
2023-01-24,11,212,1,33.95,1,1,False
2023-01-24,13,223,1,14.7,1,1,False
2023-01-24,15,213,1,25.2,1,1,False
2023-01-24,16,117,1,21.5,1,1,False
2023-01-24,17,31,1,10.0,1,1,False
2023-01-24,18,135,1,20.5,1,1,False
2023-01-24,19,134,1,24.5,1,1,False
2023-01-24,20,82,1,13.0,1,1,False
2023-01-24,20,93,1,17.5,1,1,False
2023-01-24,22,13,2,43.4,1,1,False
2023-01-24,22,30,1,24.15,1,1,False
2023-01-24,22,239,1,16.45,1,1,False
2023-01-24,23,109,1,17.5,1,1,False
2023-01-24,24,160,2,46.9,1,1,False
2023-01-24,25,93,1,23.1,1,1,False
2023-01-24,26,222,1,17.15,1,1,False
2023-01-24,29,67,1,26.25,1,1,False
2023-01-24,31,160,1,23.45,1,1,False
2023-01-24,31,238,1,28.35,1,1,False
2023-01-24,32,15,1,23.1,1,1,False
2023-01-24,33,160,1,23.45,1,1,False
2023-01-24,34,82,1,17.15,1,1,False
2023-01-24,34,213,1,25.2,1,1,False
2023-01-25,1,13,2,47.0,2,1,False
2023-01-25,1,15,1,25.0,2,1,False
2023-01-25,1,30,2,52.0,2,1,False
2023-01-25,1,144,1,43.0,2,1,False
2023-01-25,1,145,1,26.0,2,1,False
2023-01-25,1,161,1,26.0,2,1,False
2023-01-25,1,187,2,52.0,2,1,False
2023-01-25,1,197,1,28.0,2,1,False
2023-01-25,1,239,1,18.0,2,1,False
2023-01-25,2,30,1,26.0,2,1,False
2023-01-25,2,195,1,33.5,2,1,False
2023-01-25,4,108,1,31.5,2,1,False
2023-01-25,4,186,1,23.0,2,1,False
2023-01-25,5,14,1,-19.0,2,1,False
2023-01-25,5,40,3,48.0,2,1,False
2023-01-25,5,57,1,15.5,2,1,False
2023-01-25,6,143,2,553.0,2,1,False
2023-01-25,7,39,1,218.5,2,1,False
2023-01-25,8,13,1,180.5,2,1,False
2023-01-25,8,15,1,192.0,2,1,False
2023-01-25,8,56,1,116.5,2,1,False
2023-01-25,8,65,1,253.5,2,1,False
2023-01-25,8,82,1,142.5,2,1,False
2023-01-25,8,221,1,262.0,2,1,False
2023-01-25,9,65,1,-253.5,2,1,False
2023-01-25,9,135,1,221.5,2,1,False
2023-01-25,10,221,1,262.0,2,1,False
2023-01-25,10,247,1,268.0,2,1,False
2023-01-25,11,57,1,14.35,2,1,False
2023-01-25,12,118,1,39.2,2,1,False
2023-01-25,12,248,1,12.25,2,1,False
2023-01-25,14,14,1,17.5,2,1,False
2023-01-25,14,30,2,48.3,2,1,False
2023-01-25,14,91,1,32.9,2,1,False
2023-01-25,14,161,1,23.8,2,1,False
2023-01-25,14,187,1,23.8,2,1,False
2023-01-25,15,161,1,23.8,2,1,False
2023-01-25,16,239,1,12.5,2,1,False
2023-01-25,17,14,1,13.5,2,1,False
2023-01-25,17,239,1,12.5,2,1,False
2023-01-25,19,117,1,21.5,2,1,False
2023-01-25,20,13,1,16.5,2,1,False
2023-01-25,20,39,1,20.0,2,1,False
2023-01-25,20,171,1,15.0,2,1,False
2023-01-25,22,4,1,41.65,2,1,False
2023-01-25,23,30,1,24.15,2,1,False
2023-01-25,23,67,1,26.25,2,1,False
2023-01-25,23,160,1,23.45,2,1,False
2023-01-25,24,134,1,31.85,2,1,False
2023-01-25,26,93,1,23.1,2,1,False
2023-01-25,26,222,1,17.15,2,1,False
2023-01-25,30,134,1,31.85,2,1,False
2023-01-25,30,238,1,28.35,2,1,False
2023-01-25,31,4,2,83.3,2,1,False
2023-01-25,31,14,1,17.5,2,1,False
2023-01-25,31,40,2,29.4,2,1,False
2023-01-25,31,160,1,-23.45,2,1,False
2023-01-25,33,239,1,16.45,2,1,False
2023-01-26,1,41,1,21.0,3,1,False
2023-01-26,1,91,1,35.5,3,1,False
2023-01-26,1,118,1,42.5,3,1,False
2023-01-26,1,144,1,43.0,3,1,False
2023-01-26,1,239,1,18.0,3,1,False
2023-01-26,1,249,1,26.0,3,1,False
2023-01-26,2,14,1,19.0,3,1,False
2023-01-26,2,83,1,26.0,3,1,False
2023-01-26,2,222,1,18.5,3,1,False
2023-01-26,2,247,1,35.0,3,1,False
2023-01-26,3,57,1,15.5,3,1,False
2023-01-26,3,93,3,75.0,3,1,False
2023-01-26,4,40,1,16.0,3,1,False
2023-01-26,4,67,1,28.5,3,1,False
2023-01-26,4,93,1,25.0,3,1,False
2023-01-26,4,119,1,23.0,3,1,False
2023-01-26,4,144,1,43.0,3,1,False
2023-01-26,5,5,1,17.0,3,1,False
2023-01-26,5,13,1,23.5,3,1,False
2023-01-26,5,15,1,25.0,3,1,False
2023-01-26,5,82,1,18.5,3,1,False
2023-01-26,5,221,1,34.0,3,1,False
2023-01-26,6,31,1,-107.5,3,1,False
2023-01-26,6,145,1,198.0,3,1,False
2023-01-26,7,14,1,145.5,3,1,False
2023-01-26,7,31,1,107.5,3,1,False
2023-01-26,7,186,1,177.5,3,1,False
2023-01-26,8,41,1,163.0,3,1,False
2023-01-26,8,118,1,326.0,3,1,False
2023-01-26,8,160,3,585.0,3,1,False
2023-01-26,8,170,1,262.0,3,1,False
2023-01-26,8,195,1,259.0,3,1,False
2023-01-26,8,196,1,145.5,3,1,False
2023-01-26,9,57,1,119.5,3,1,False
2023-01-26,9,92,1,99.0,3,1,False
2023-01-26,9,118,1,-326.0,3,1,False
2023-01-26,9,134,1,265.0,3,1,False
2023-01-26,9,160,2,390.0,3,1,False
2023-01-26,9,195,3,777.0,3,1,False
2023-01-26,10,14,1,145.5,3,1,False
2023-01-26,10,82,1,142.5,3,1,False
2023-01-26,10,91,1,273.5,3,1,False
2023-01-26,10,117,1,233.0,3,1,False
2023-01-26,10,195,1,259.0,3,1,False
2023-01-26,11,40,1,14.7,3,1,False
2023-01-26,11,83,1,-24.15,3,1,False
2023-01-26,12,144,1,39.55,3,1,False
2023-01-26,12,170,1,31.5,3,1,False
2023-01-26,13,31,1,12.95,3,1,False
2023-01-26,13,65,3,91.35,3,1,False
2023-01-26,13,92,1,11.9,3,1,False
2023-01-26,14,13,1,21.7,3,1,False
2023-01-26,16,91,1,25.0,3,1,False
2023-01-26,18,187,1,18.0,3,1,False
2023-01-26,20,143,1,25.5,3,1,False
2023-01-26,20,196,1,13.5,3,1,False
2023-01-26,21,145,1,23.8,3,1,False
2023-01-26,21,187,1,23.8,3,1,False
2023-01-26,21,195,1,31.15,3,1,False
2023-01-26,22,15,1,23.1,3,1,False
2023-01-26,23,15,1,23.1,3,1,False
2023-01-26,23,41,1,19.6,3,1,False
2023-01-26,23,186,1,21.35,3,1,False
2023-01-26,23,222,1,17.15,3,1,False
2023-01-26,24,169,1,38.5,3,1,False
2023-01-26,24,223,1,14.7,3,1,False
2023-01-26,25,5,1,15.75,3,1,False
2023-01-26,25,143,1,33.25,3,1,False
2023-01-26,25,212,1,33.95,3,1,False
2023-01-26,26,13,1,21.7,3,1,False
2023-01-26,26,239,1,16.45,3,1,False
2023-01-26,27,118,1,39.2,3,1,False
2023-01-26,29,144,1,39.55,3,1,False
2023-01-26,30,161,2,47.6,3,1,False
2023-01-26,31,13,1,-21.7,3,1,False
2023-01-26,31,14,1,17.5,3,1,False
2023-01-26,31,31,1,12.95,3,1,False
2023-01-26,31,108,1,29.05,3,1,False
2023-01-26,31,109,1,17.5,3,1,False
2023-01-26,31,212,1,33.95,3,1,False
2023-01-26,34,30,2,0.0,3,1,False
2023-01-26,34,170,1,31.5,3,1,False
2023-01-26,35,66,1,16.1,3,1,False
2023-01-27,1,30,1,26.0,4,1,False
2023-01-27,1,65,1,33.0,4,1,False
2023-01-27,1,108,1,31.5,4,1,False
2023-01-27,1,144,1,43.0,4,1,False
2023-01-27,1,145,1,26.0,4,1,False
2023-01-27,2,83,1,26.0,4,1,False
2023-01-27,2,109,1,19.0,4,1,False
2023-01-27,2,118,1,42.5,4,1,False
2023-01-27,2,119,1,23.0,4,1,False
2023-01-27,2,145,1,26.0,4,1,False
2023-01-27,2,239,1,18.0,4,1,False
2023-01-27,3,145,2,0.0,4,1,False
2023-01-27,4,15,1,25.0,4,1,False
2023-01-27,4,93,1,25.0,4,1,False
2023-01-27,4,186,1,23.0,4,1,False
2023-01-27,4,197,1,28.0,4,1,False
2023-01-27,4,249,2,52.0,4,1,False
2023-01-27,5,57,1,15.5,4,1,False
2023-01-27,5,213,1,27.5,4,1,False
2023-01-27,5,249,1,26.0,4,1,False
2023-01-27,6,14,1,145.5,4,1,False
2023-01-27,6,119,1,177.5,4,1,False
2023-01-27,6,170,1,262.0,4,1,False
2023-01-27,7,196,1,145.5,4,1,False
2023-01-27,7,238,1,236.0,4,1,False
2023-01-27,7,247,1,268.0,4,1,False
2023-01-27,8,135,1,221.5,4,1,False
2023-01-27,8,161,1,198.0,4,1,False
2023-01-27,8,195,1,259.0,4,1,False
2023-01-27,9,13,1,180.5,4,1,False
2023-01-27,9,93,1,192.0,4,1,False
2023-01-27,9,239,1,137.0,4,1,False
2023-01-27,10,145,1,198.0,4,1,False
2023-01-27,10,212,1,282.5,4,1,False
2023-01-27,11,56,1,14.0,4,1,False
2023-01-27,11,108,1,29.05,4,1,False
2023-01-27,11,212,1,33.95,4,1,False
2023-01-27,11,222,2,34.3,4,1,False
2023-01-27,12,134,1,31.85,4,1,False
2023-01-27,12,143,1,33.25,4,1,False
2023-01-27,15,144,1,39.55,4,1,False
2023-01-27,16,92,3,27.0,4,1,False
2023-01-27,16,93,1,17.5,4,1,False
2023-01-27,18,119,1,16.5,4,1,False
2023-01-27,20,41,1,15.0,4,1,False
2023-01-27,23,247,1,32.2,4,1,False
2023-01-27,24,187,1,23.8,4,1,False
2023-01-27,27,109,1,17.5,4,1,False
2023-01-27,29,5,1,15.75,4,1,False
2023-01-27,29,196,1,17.5,4,1,False
2023-01-27,30,67,1,26.25,4,1,False
2023-01-27,30,108,1,29.05,4,1,False
2023-01-27,31,143,3,99.75,4,1,False
2023-01-27,32,66,1,16.1,4,1,False
2023-01-27,32,108,1,29.05,4,1,False
2023-01-27,32,118,1,39.2,4,1,False
2023-01-27,32,161,1,23.8,4,1,False
2023-01-27,35,108,1,29.05,4,1,False
2023-01-28,1,41,1,21.0,5,1,True
2023-01-28,1,67,2,57.0,5,1,True
2023-01-28,1,82,3,55.5,5,1,True
2023-01-28,1,83,1,26.0,5,1,True
2023-01-28,1,91,1,35.5,5,1,True
2023-01-28,1,143,1,36.0,5,1,True
2023-01-28,1,145,1,26.0,5,1,True
2023-01-28,1,160,1,25.5,5,1,True
2023-01-28,1,169,1,41.5,5,1,True
2023-01-28,1,196,1,19.0,5,1,True
2023-01-28,1,197,1,28.0,5,1,True
2023-01-28,1,213,1,27.5,5,1,True
2023-01-28,1,221,1,34.0,5,1,True
2023-01-28,1,238,1,30.5,5,1,True
2023-01-28,1,247,1,35.0,5,1,True
2023-01-28,1,248,1,13.5,5,1,True
2023-01-28,2,39,1,28.5,5,1,True
2023-01-28,2,40,1,16.0,5,1,True
2023-01-28,2,65,1,33.0,5,1,True
2023-01-28,2,91,1,35.5,5,1,True
2023-01-28,2,109,1,19.0,5,1,True
2023-01-28,2,197,1,-28.0,5,1,True
2023-01-28,2,212,1,37.0,5,1,True
2023-01-28,2,238,2,61.0,5,1,True
2023-01-28,3,39,1,28.5,5,1,True
2023-01-28,3,93,4,100.0,5,1,True
2023-01-28,3,169,1,41.5,5,1,True
2023-01-28,3,212,1,37.0,5,1,True
2023-01-28,3,222,1,18.5,5,1,True
2023-01-28,3,239,1,18.0,5,1,True
2023-01-28,4,39,2,57.0,5,1,True
2023-01-28,4,57,1,15.5,5,1,True
2023-01-28,4,161,1,26.0,5,1,True
2023-01-28,4,170,1,34.0,5,1,True
2023-01-28,4,197,1,28.0,5,1,True
2023-01-28,4,249,1,26.0,5,1,True
2023-01-28,5,14,1,19.0,5,1,True
2023-01-28,5,66,1,17.5,5,1,True
2023-01-28,5,134,1,34.5,5,1,True
2023-01-28,5,223,1,16.0,5,1,True
2023-01-28,6,39,1,218.5,5,1,True
2023-01-28,6,66,1,-134.0,5,1,True
2023-01-28,6,92,2,198.0,5,1,True
2023-01-28,6,118,1,326.0,5,1,True
2023-01-28,6,169,1,320.5,5,1,True
2023-01-28,6,171,1,163.0,5,1,True
2023-01-28,6,212,1,282.5,5,1,True
2023-01-28,6,222,1,142.5,5,1,True
2023-01-28,6,247,1,268.0,5,1,True
2023-01-28,7,4,1,346.5,5,1,True
2023-01-28,8,5,1,131.0,5,1,True
2023-01-28,8,66,2,268.0,5,1,True
2023-01-28,9,93,1,192.0,5,1,True
2023-01-28,9,109,1,145.5,5,1,True
2023-01-28,9,134,1,265.0,5,1,True
2023-01-28,9,145,2,396.0,5,1,True
2023-01-28,9,169,1,320.5,5,1,True
2023-01-28,9,221,1,262.0,5,1,True
2023-01-28,9,222,1,142.5,5,1,True
2023-01-28,9,247,1,268.0,5,1,True
2023-01-28,10,41,1,163.0,5,1,True
2023-01-28,10,170,1,262.0,5,1,True
2023-01-28,10,221,1,262.0,5,1,True
2023-01-28,11,187,1,23.8,5,1,True
2023-01-28,12,40,1,14.7,5,1,True
2023-01-28,12,135,1,26.6,5,1,True
2023-01-28,13,30,1,24.15,5,1,True
2023-01-28,13,67,1,26.25,5,1,True
2023-01-28,13,134,1,31.85,5,1,True
2023-01-28,13,144,1,39.55,5,1,True
2023-01-28,14,83,2,48.3,5,1,True
2023-01-28,15,56,1,14.0,5,1,True
2023-01-28,15,109,1,17.5,5,1,True
2023-01-28,15,145,1,23.8,5,1,True
2023-01-28,15,196,1,17.5,5,1,True
2023-01-28,16,66,1,-12.5,5,1,True
2023-01-28,16,223,1,11.5,5,1,True
2023-01-28,17,14,1,13.5,5,1,True
2023-01-28,17,186,1,16.5,5,1,True
2023-01-28,17,247,1,24.5,5,1,True
2023-01-28,17,249,1,18.5,5,1,True
2023-01-28,18,91,1,25.0,5,1,True
2023-01-28,18,239,1,12.5,5,1,True
2023-01-28,20,83,1,-18.5,5,1,True
2023-01-28,20,145,1,18.0,5,1,True
2023-01-28,20,169,1,29.5,5,1,True
2023-01-28,21,82,1,17.15,5,1,True
2023-01-28,21,222,2,0.0,5,1,True
2023-01-28,21,238,2,0.0,5,1,True
2023-01-28,21,248,1,12.25,5,1,True
2023-01-28,22,93,1,23.1,5,1,True
2023-01-28,22,109,1,17.5,5,1,True
2023-01-28,22,134,1,31.85,5,1,True
2023-01-28,23,4,1,41.65,5,1,True
2023-01-28,23,169,1,38.5,5,1,True
2023-01-28,24,118,1,39.2,5,1,True
2023-01-28,24,160,1,23.45,5,1,True
2023-01-28,24,223,1,14.7,5,1,True
2023-01-28,25,92,1,11.9,5,1,True
2023-01-28,25,249,1,24.15,5,1,True
2023-01-28,26,14,1,17.5,5,1,True
2023-01-28,26,31,1,12.95,5,1,True
2023-01-28,26,143,1,33.25,5,1,True
2023-01-28,26,196,1,17.5,5,1,True
2023-01-28,26,221,1,31.5,5,1,True
2023-01-28,27,171,1,19.6,5,1,True
2023-01-28,27,186,1,21.35,5,1,True
2023-01-28,28,187,1,23.8,5,1,True
2023-01-28,28,239,1,16.45,5,1,True
2023-01-28,30,221,1,31.5,5,1,True
2023-01-28,31,56,1,14.0,5,1,True
2023-01-28,31,92,1,11.9,5,1,True
2023-01-28,31,117,2,56.0,5,1,True
2023-01-28,31,118,1,39.2,5,1,True
2023-01-28,31,160,1,23.45,5,1,True
2023-01-28,31,248,1,12.25,5,1,True
2023-01-28,32,13,1,-13.02,5,1,True
2023-01-28,32,40,1,14.7,5,1,True
2023-01-28,32,109,1,17.5,5,1,True
2023-01-28,32,161,1,23.8,5,1,True
2023-01-28,33,30,1,24.15,5,1,True
2023-01-28,33,109,1,17.5,5,1,True
2023-01-28,33,119,1,21.35,5,1,True
2023-01-29,1,13,1,23.5,6,1,True
2023-01-29,1,14,1,19.0,6,1,True
2023-01-29,1,30,1,26.0,6,1,True
2023-01-29,1,92,2,26.0,6,1,True
2023-01-29,1,119,1,23.0,6,1,True
2023-01-29,1,135,1,29.0,6,1,True
2023-01-29,1,143,1,36.0,6,1,True
2023-01-29,1,169,3,124.5,6,1,True
2023-01-29,1,171,1,21.0,6,1,True
2023-01-29,1,186,2,46.0,6,1,True
2023-01-29,1,196,1,19.0,6,1,True
2023-01-29,1,221,1,34.0,6,1,True
2023-01-29,1,238,1,30.5,6,1,True
2023-01-29,2,13,1,-23.5,6,1,True
2023-01-29,2,39,1,28.5,6,1,True
2023-01-29,2,82,1,18.5,6,1,True
2023-01-29,2,108,2,63.0,6,1,True
2023-01-29,2,109,2,38.0,6,1,True
2023-01-29,2,117,1,30.5,6,1,True
2023-01-29,2,118,1,42.5,6,1,True
2023-01-29,2,247,1,35.0,6,1,True
2023-01-29,3,169,1,41.5,6,1,True
2023-01-29,3,171,1,21.0,6,1,True
2023-01-29,4,56,1,15.0,6,1,True
2023-01-29,4,83,1,26.0,6,1,True
2023-01-29,4,91,1,35.5,6,1,True
2023-01-29,4,92,1,13.0,6,1,True
2023-01-29,4,143,1,36.0,6,1,True
2023-01-29,4,169,1,41.5,6,1,True
2023-01-29,4,186,2,46.0,6,1,True
2023-01-29,4,187,1,26.0,6,1,True
2023-01-29,4,213,1,27.5,6,1,True
2023-01-29,4,247,1,35.0,6,1,True
2023-01-29,5,13,3,70.5,6,1,True
2023-01-29,5,82,3,55.5,6,1,True
2023-01-29,5,92,1,13.0,6,1,True
2023-01-29,5,143,1,36.0,6,1,True
2023-01-29,5,161,1,26.0,6,1,True
2023-01-29,5,170,1,34.0,6,1,True
2023-01-29,5,197,3,84.0,6,1,True
2023-01-29,5,213,1,27.5,6,1,True
2023-01-29,6,41,1,163.0,6,1,True
2023-01-29,6,65,1,253.5,6,1,True
2023-01-29,6,66,1,134.0,6,1,True
2023-01-29,6,117,1,233.0,6,1,True
2023-01-29,6,143,3,276.5,6,1,True
2023-01-29,6,170,1,262.0,6,1,True
2023-01-29,6,212,1,282.5,6,1,True
2023-01-29,6,247,1,268.0,6,1,True
2023-01-29,6,249,1,201.0,6,1,True
2023-01-29,8,4,1,346.5,6,1,True
2023-01-29,8,65,1,253.5,6,1,True
2023-01-29,8,109,1,145.5,6,1,True
2023-01-29,8,135,1,221.5,6,1,True
2023-01-29,8,143,1,276.5,6,1,True
2023-01-29,8,169,1,320.5,6,1,True
2023-01-29,8,248,4,408.0,6,1,True
2023-01-29,9,14,1,145.5,6,1,True
2023-01-29,9,92,1,99.0,6,1,True
2023-01-29,9,197,1,215.5,6,1,True
2023-01-29,9,213,3,628.5,6,1,True
2023-01-29,9,239,1,137.0,6,1,True
2023-01-29,10,65,1,253.5,6,1,True
2023-01-29,10,169,1,320.5,6,1,True
2023-01-29,10,247,2,536.0,6,1,True
2023-01-29,11,117,1,-16.8,6,1,True
2023-01-29,11,118,1,39.2,6,1,True
2023-01-29,11,212,2,67.9,6,1,True
2023-01-29,12,40,1,14.7,6,1,True
2023-01-29,12,65,1,30.45,6,1,True
2023-01-29,12,144,1,39.55,6,1,True
2023-01-29,12,212,1,33.95,6,1,True
2023-01-29,13,5,1,15.75,6,1,True
2023-01-29,13,56,1,14.0,6,1,True
2023-01-29,13,213,1,25.2,6,1,True
2023-01-29,13,249,1,24.15,6,1,True
2023-01-29,14,56,1,14.0,6,1,True
2023-01-29,14,67,1,26.25,6,1,True
2023-01-29,15,83,1,24.15,6,1,True
2023-01-29,16,14,1,13.5,6,1,True
2023-01-29,16,66,2,25.0,6,1,True
2023-01-29,16,93,1,17.5,6,1,True
2023-01-29,16,108,1,22.0,6,1,True
2023-01-29,16,238,1,21.5,6,1,True
2023-01-29,18,109,1,13.5,6,1,True
2023-01-29,18,119,2,0.0,6,1,True
2023-01-29,18,145,1,18.0,6,1,True
2023-01-29,18,238,1,21.5,6,1,True
2023-01-29,19,30,1,18.5,6,1,True
2023-01-29,20,221,1,-14.4,6,1,True
2023-01-29,20,222,1,13.0,6,1,True
2023-01-29,20,247,1,24.5,6,1,True
2023-01-29,21,5,1,15.75,6,1,True
2023-01-29,21,56,1,14.0,6,1,True
2023-01-29,21,83,1,24.15,6,1,True
2023-01-29,21,119,1,21.35,6,1,True
2023-01-29,21,196,1,17.5,6,1,True
2023-01-29,21,238,2,56.7,6,1,True
2023-01-29,22,5,1,15.75,6,1,True
2023-01-29,22,117,2,-56.0,6,1,True
2023-01-29,23,31,1,12.95,6,1,True
2023-01-29,23,65,2,12.18,6,1,True
2023-01-29,23,92,1,11.9,6,1,True
2023-01-29,23,135,1,26.6,6,1,True
2023-01-29,24,56,3,42.0,6,1,True
2023-01-29,24,57,3,43.05,6,1,True
2023-01-29,24,91,1,32.9,6,1,True
2023-01-29,24,197,1,25.9,6,1,True
2023-01-29,24,222,1,17.15,6,1,True
2023-01-29,25,117,1,28.0,6,1,True
2023-01-29,26,40,1,14.7,6,1,True
2023-01-29,27,15,1,23.1,6,1,True
2023-01-29,27,117,1,28.0,6,1,True
2023-01-29,27,170,1,31.5,6,1,True
2023-01-29,27,239,1,16.45,6,1,True
2023-01-29,28,186,1,21.35,6,1,True
2023-01-29,30,109,1,17.5,6,1,True
2023-01-29,31,39,2,52.5,6,1,True
2023-01-29,31,57,1,14.35,6,1,True
2023-01-29,31,91,1,32.9,6,1,True
2023-01-29,31,145,1,23.8,6,1,True
2023-01-29,31,170,1,31.5,6,1,True
2023-01-29,31,238,1,-28.35,6,1,True
2023-01-29,32,4,2,83.3,6,1,True
2023-01-29,32,41,1,19.6,6,1,True
2023-01-29,32,83,1,24.15,6,1,True
2023-01-29,32,108,1,29.05,6,1,True
2023-01-29,32,134,1,31.85,6,1,True
2023-01-29,32,135,1,26.6,6,1,True
2023-01-29,32,186,1,21.35,6,1,True
2023-01-29,32,212,1,33.95,6,1,True
2023-01-29,32,222,1,17.15,6,1,True
2023-01-29,34,91,1,32.9,6,1,True
2023-01-29,35,82,1,17.15,6,1,True
2023-01-29,35,145,1,23.8,6,1,True
2023-01-30,1,82,1,18.5,0,1,False
2023-01-30,1,161,1,26.0,0,1,False
2023-01-30,2,14,1,19.0,0,1,False
2023-01-30,2,119,1,-23.0,0,1,False
2023-01-30,2,145,1,26.0,0,1,False
2023-01-30,2,213,1,27.5,0,1,False
2023-01-30,3,40,1,16.0,0,1,False
2023-01-30,3,91,1,35.5,0,1,False
2023-01-30,3,92,1,13.0,0,1,False
2023-01-30,3,117,1,30.5,0,1,False
2023-01-30,3,160,1,25.5,0,1,False
2023-01-30,3,169,1,41.5,0,1,False
2023-01-30,4,82,1,18.5,0,1,False
2023-01-30,4,135,1,29.0,0,1,False
2023-01-30,4,160,1,25.5,0,1,False
2023-01-30,4,196,1,19.0,0,1,False
2023-01-30,4,247,1,35.0,0,1,False
2023-01-30,4,248,1,13.5,0,1,False
2023-01-30,5,39,2,57.0,0,1,False
2023-01-30,5,135,1,29.0,0,1,False
2023-01-30,5,144,1,43.0,0,1,False
2023-01-30,5,145,1,26.0,0,1,False
2023-01-30,5,186,2,46.0,0,1,False
2023-01-30,5,212,1,37.0,0,1,False
2023-01-30,5,213,1,27.5,0,1,False
2023-01-30,6,92,1,99.0,0,1,False
2023-01-30,6,195,1,259.0,0,1,False
2023-01-30,6,196,1,145.5,0,1,False
2023-01-30,6,212,1,282.5,0,1,False
2023-01-30,7,212,1,282.5,0,1,False
2023-01-30,8,13,1,180.5,0,1,False
2023-01-30,8,31,1,107.5,0,1,False
2023-01-30,8,109,1,145.5,0,1,False
2023-01-30,8,169,1,320.5,0,1,False
2023-01-30,8,221,1,262.0,0,1,False
2023-01-30,9,83,1,201.0,0,1,False
2023-01-30,9,92,1,99.0,0,1,False
2023-01-30,9,144,1,329.0,0,1,False
2023-01-30,9,145,1,-198.0,0,1,False
2023-01-30,9,221,1,262.0,0,1,False
2023-01-30,9,223,1,122.5,0,1,False
2023-01-30,10,39,1,218.5,0,1,False
2023-01-30,10,119,1,177.5,0,1,False
2023-01-30,10,143,1,276.5,0,1,False
2023-01-30,10,247,2,536.0,0,1,False
2023-01-30,11,135,1,26.6,0,1,False
2023-01-30,11,169,1,-23.1,0,1,False
2023-01-30,11,222,1,17.15,0,1,False
2023-01-30,12,65,1,30.45,0,1,False
2023-01-30,13,160,1,23.45,0,1,False
2023-01-30,14,143,1,33.25,0,1,False
2023-01-30,14,238,1,28.35,0,1,False
2023-01-30,15,5,1,-15.75,0,1,False
2023-01-30,15,91,1,32.9,0,1,False
2023-01-30,15,134,1,31.85,0,1,False
2023-01-30,16,109,1,13.5,0,1,False
2023-01-30,18,238,1,21.5,0,1,False
2023-01-30,19,117,1,21.5,0,1,False
2023-01-30,20,40,1,11.5,0,1,False
2023-01-30,20,144,1,30.5,0,1,False
2023-01-30,20,221,1,24.0,0,1,False
2023-01-30,21,15,1,23.1,0,1,False
2023-01-30,21,65,3,91.35,0,1,False
2023-01-30,21,187,3,71.4,0,1,False
2023-01-30,22,39,1,26.25,0,1,False
2023-01-30,22,66,1,16.1,0,1,False
2023-01-30,23,195,1,31.15,0,1,False
2023-01-30,24,91,1,32.9,0,1,False
2023-01-30,24,171,1,19.6,0,1,False
2023-01-30,24,248,1,12.25,0,1,False
2023-01-30,29,56,1,14.0,0,1,False
2023-01-30,31,119,1,21.35,0,1,False
2023-01-30,31,186,1,21.35,0,1,False
2023-01-30,31,197,1,25.9,0,1,False
2023-01-30,32,221,1,31.5,0,1,False
2023-01-30,33,40,1,14.7,0,1,False
2023-01-30,33,239,2,32.9,0,1,False
2023-01-30,35,31,1,12.95,0,1,False
2023-01-30,35,197,1,25.9,0,1,False
2023-01-31,1,15,3,75.0,1,1,False
2023-01-31,1,30,1,26.0,1,1,False
2023-01-31,1,39,1,28.5,1,1,False
2023-01-31,1,40,1,16.0,1,1,False
2023-01-31,1,93,1,25.0,1,1,False
2023-01-31,1,169,1,41.5,1,1,False
2023-01-31,1,171,1,21.0,1,1,False
2023-01-31,1,196,1,-19.0,1,1,False
2023-01-31,1,221,1,34.0,1,1,False
2023-01-31,1,223,1,16.0,1,1,False
2023-01-31,2,169,1,41.5,1,1,False
2023-01-31,4,13,1,23.5,1,1,False
2023-01-31,4,91,2,71.0,1,1,False
2023-01-31,4,144,1,43.0,1,1,False
2023-01-31,6,82,1,142.5,1,1,False
2023-01-31,6,197,1,215.5,1,1,False
2023-01-31,8,39,1,218.5,1,1,False
2023-01-31,8,135,1,221.5,1,1,False
2023-01-31,8,169,1,320.5,1,1,False
2023-01-31,8,187,1,198.0,1,1,False
2023-01-31,8,221,1,262.0,1,1,False
2023-01-31,9,5,1,131.0,1,1,False
2023-01-31,9,41,2,326.0,1,1,False
2023-01-31,9,66,1,134.0,1,1,False
2023-01-31,9,83,1,201.0,1,1,False
2023-01-31,9,223,1,122.5,1,1,False
2023-01-31,11,143,3,99.75,1,1,False
2023-01-31,12,92,1,11.9,1,1,False
2023-01-31,13,109,1,17.5,1,1,False
2023-01-31,13,196,1,17.5,1,1,False
2023-01-31,14,65,1,30.45,1,1,False
2023-01-31,14,118,1,39.2,1,1,False
2023-01-31,15,39,1,26.25,1,1,False
2023-01-31,15,143,1,33.25,1,1,False
2023-01-31,15,196,1,17.5,1,1,False
2023-01-31,17,39,1,20.0,1,1,False
2023-01-31,17,134,1,24.5,1,1,False
2023-01-31,18,39,1,20.0,1,1,False
2023-01-31,18,170,1,24.0,1,1,False
2023-01-31,21,221,1,31.5,1,1,False
2023-01-31,23,40,1,14.7,1,1,False
2023-01-31,23,145,1,23.8,1,1,False
2023-01-31,24,145,1,23.8,1,1,False
2023-01-31,26,117,1,28.0,1,1,False
2023-01-31,26,161,1,23.8,1,1,False
2023-01-31,28,108,1,29.05,1,1,False
2023-01-31,29,30,1,24.15,1,1,False
2023-01-31,30,134,1,31.85,1,1,False
2023-01-31,31,30,1,24.15,1,1,False
2023-01-31,31,66,1,16.1,1,1,False
2023-01-31,31,67,1,26.25,1,1,False
2023-01-31,31,119,1,21.35,1,1,False
2023-01-31,31,186,1,21.35,1,1,False
2023-01-31,32,222,1,17.15,1,1,False
2023-02-01,1,41,1,21.0,2,2,False
2023-02-01,1,83,1,26.0,2,2,False
2023-02-01,1,118,2,84.0,2,2,False
2023-02-01,1,195,1,33.5,2,2,False
2023-02-01,2,15,1,25.0,2,2,False
2023-02-01,2,66,2,35.0,2,2,False
2023-02-01,2,134,1,34.0,2,2,False
2023-02-01,2,187,1,25.5,2,2,False
2023-02-01,2,195,1,33.5,2,2,False
2023-02-01,2,196,1,19.0,2,2,False
2023-02-01,2,223,1,16.0,2,2,False
2023-02-01,2,238,1,30.5,2,2,False
2023-02-01,4,170,1,34.0,2,2,False
2023-02-01,4,249,1,26.0,2,2,False
2023-02-01,5,4,1,44.5,2,2,False
2023-02-01,5,187,2,51.0,2,2,False
2023-02-01,5,196,1,19.0,2,2,False
2023-02-01,6,5,1,131.5,2,2,False
2023-02-01,6,41,1,163.5,2,2,False
2023-02-01,6,134,1,265.5,2,2,False
2023-02-01,6,196,1,146.0,2,2,False
2023-02-01,7,14,1,146.0,2,2,False
2023-02-01,8,5,1,131.5,2,2,False
2023-02-01,8,14,1,146.0,2,2,False
2023-02-01,8,93,1,192.5,2,2,False
2023-02-01,8,169,1,321.0,2,2,False
2023-02-01,8,171,1,163.5,2,2,False
2023-02-01,8,221,1,262.5,2,2,False
2023-02-01,9,40,1,122.5,2,2,False
2023-02-01,9,41,1,163.5,2,2,False
2023-02-01,9,67,1,219.0,2,2,False
2023-02-01,10,66,1,134.5,2,2,False
2023-02-01,10,197,1,216.0,2,2,False
2023-02-01,10,238,1,236.5,2,2,False
2023-02-01,11,56,1,14.0,2,2,False
2023-02-01,11,57,1,14.35,2,2,False
2023-02-01,11,93,2,0.0,2,2,False
2023-02-01,11,109,1,17.5,2,2,False
2023-02-01,11,197,1,25.9,2,2,False
2023-02-01,12,65,1,30.45,2,2,False
2023-02-01,12,82,1,17.15,2,2,False
2023-02-01,13,238,1,28.35,2,2,False
2023-02-01,14,67,1,26.25,2,2,False
2023-02-01,17,213,1,19.0,2,2,False
2023-02-01,18,160,1,18.0,2,2,False
2023-02-01,20,212,1,26.0,2,2,False
2023-02-01,21,14,1,17.5,2,2,False
2023-02-01,21,170,1,31.5,2,2,False
2023-02-01,21,171,1,19.6,2,2,False
2023-02-01,21,196,1,17.5,2,2,False
2023-02-01,21,212,1,33.95,2,2,False
2023-02-01,22,169,1,38.5,2,2,False
2023-02-01,22,249,1,24.15,2,2,False
2023-02-01,25,83,1,24.15,2,2,False
2023-02-01,25,170,1,31.5,2,2,False
2023-02-01,26,91,1,32.9,2,2,False
2023-02-01,26,196,2,35.0,2,2,False
2023-02-01,29,222,1,17.15,2,2,False
2023-02-01,30,135,1,26.6,2,2,False
2023-02-01,31,31,1,-12.95,2,2,False
2023-02-01,33,248,1,12.25,2,2,False
2023-02-02,1,15,1,25.0,3,2,False
2023-02-02,1,30,1,26.0,3,2,False
2023-02-02,1,57,1,15.5,3,2,False
2023-02-02,1,65,2,65.0,3,2,False
2023-02-02,1,221,1,34.0,3,2,False
2023-02-02,2,13,2,47.0,3,2,False
2023-02-02,2,41,1,21.0,3,2,False
2023-02-02,2,91,3,106.5,3,2,False
2023-02-02,2,93,1,25.0,3,2,False
2023-02-02,2,118,2,84.0,3,2,False
2023-02-02,2,196,1,19.0,3,2,False
2023-02-02,3,197,1,28.0,3,2,False
2023-02-02,4,5,1,17.0,3,2,False
2023-02-02,4,40,1,16.0,3,2,False
2023-02-02,4,143,1,35.5,3,2,False
2023-02-02,4,195,1,33.5,3,2,False
2023-02-02,4,221,1,34.0,3,2,False
2023-02-02,5,196,1,19.0,3,2,False
2023-02-02,5,238,1,30.5,3,2,False
2023-02-02,6,65,2,508.0,3,2,False
2023-02-02,6,117,1,233.5,3,2,False
2023-02-02,7,56,2,234.0,3,2,False
2023-02-02,8,31,1,108.0,3,2,False
2023-02-02,8,92,1,99.5,3,2,False
2023-02-02,8,196,1,146.0,3,2,False
2023-02-02,8,197,1,216.0,3,2,False
2023-02-02,9,14,1,-145.5,3,2,False
2023-02-02,9,31,1,108.0,3,2,False
2023-02-02,9,40,1,122.5,3,2,False
2023-02-02,9,119,1,178.0,3,2,False
2023-02-02,9,143,1,277.5,3,2,False
2023-02-02,10,92,2,199.0,3,2,False
2023-02-02,10,117,1,233.5,3,2,False
2023-02-02,10,196,1,146.0,3,2,False
2023-02-02,10,238,2,473.0,3,2,False
2023-02-02,11,31,1,12.95,3,2,False
2023-02-02,11,109,1,17.5,3,2,False
2023-02-02,11,171,1,19.6,3,2,False
2023-02-02,11,213,1,25.2,3,2,False
2023-02-02,12,213,1,25.2,3,2,False
2023-02-02,14,65,1,30.45,3,2,False
2023-02-02,16,65,1,23.0,3,2,False
2023-02-02,17,161,1,18.0,3,2,False
2023-02-02,18,67,1,20.0,3,2,False
2023-02-02,19,135,1,20.0,3,2,False
2023-02-02,19,221,1,24.0,3,2,False
2023-02-02,20,145,1,18.0,3,2,False
2023-02-02,20,171,1,15.0,3,2,False
2023-02-02,21,66,1,16.1,3,2,False
2023-02-02,21,212,1,33.95,3,2,False
2023-02-02,21,213,1,25.2,3,2,False
2023-02-02,22,13,1,21.7,3,2,False
2023-02-02,22,247,1,32.2,3,2,False
2023-02-02,26,40,1,14.7,3,2,False
2023-02-02,28,93,1,23.1,3,2,False
2023-02-02,28,170,1,31.5,3,2,False
2023-02-02,29,93,1,23.1,3,2,False
2023-02-02,30,195,1,31.15,3,2,False
2023-02-02,31,39,1,26.25,3,2,False
2023-02-02,31,238,1,28.35,3,2,False
2023-02-02,32,83,1,24.15,3,2,False
2023-02-02,32,91,1,32.9,3,2,False
2023-02-02,33,40,1,14.7,3,2,False
2023-02-02,33,239,1,16.45,3,2,False
2023-02-02,34,4,1,41.65,3,2,False
2023-02-02,34,119,1,21.35,3,2,False
2023-02-02,34,145,1,23.8,3,2,False
2023-02-03,1,41,1,21.0,4,2,False
2023-02-03,1,239,1,17.5,4,2,False
2023-02-03,2,5,1,17.0,4,2,False
2023-02-03,2,83,1,-26.0,4,2,False
2023-02-03,2,92,1,13.0,4,2,False
2023-02-03,2,169,1,41.5,4,2,False
2023-02-03,2,213,1,27.0,4,2,False
2023-02-03,2,222,1,18.5,4,2,False
2023-02-03,2,238,1,-30.5,4,2,False
2023-02-03,3,83,1,26.0,4,2,False
2023-02-03,3,92,1,13.0,4,2,False
2023-02-03,3,171,2,42.0,4,2,False
2023-02-03,3,247,1,34.5,4,2,False
2023-02-03,4,15,1,25.0,4,2,False
2023-02-03,4,40,3,16.0,4,2,False
2023-02-03,4,91,1,-35.5,4,2,False
2023-02-03,4,213,1,27.0,4,2,False
2023-02-03,5,30,2,52.0,4,2,False
2023-02-03,6,4,1,347.5,4,2,False
2023-02-03,6,91,1,274.5,4,2,False
2023-02-03,6,119,1,178.0,4,2,False
2023-02-03,6,135,1,222.0,4,2,False
2023-02-03,6,144,1,-329.0,4,2,False
2023-02-03,6,212,1,283.0,4,2,False
2023-02-03,6,249,1,201.5,4,2,False
2023-02-03,8,13,2,362.0,4,2,False
2023-02-03,8,82,1,143.0,4,2,False
2023-02-03,8,109,1,146.0,4,2,False
2023-02-03,8,117,1,233.5,4,2,False
2023-02-03,8,160,1,195.5,4,2,False
2023-02-03,8,169,3,963.0,4,2,False
2023-02-03,8,223,1,122.5,4,2,False
2023-02-03,8,239,1,137.0,4,2,False
2023-02-03,9,197,1,216.0,4,2,False
2023-02-03,10,169,1,321.0,4,2,False
2023-02-03,10,171,1,163.5,4,2,False
2023-02-03,10,248,1,102.0,4,2,False
2023-02-03,11,108,1,29.05,4,2,False
2023-02-03,11,197,1,25.9,4,2,False
2023-02-03,11,248,2,24.5,4,2,False
2023-02-03,12,66,1,16.1,4,2,False
2023-02-03,12,92,1,11.9,4,2,False
2023-02-03,12,223,1,14.7,4,2,False
2023-02-03,13,134,1,31.85,4,2,False
2023-02-03,14,31,1,12.95,4,2,False
2023-02-03,14,83,1,24.15,4,2,False
2023-02-03,14,145,1,23.8,4,2,False
2023-02-03,14,195,1,31.15,4,2,False
2023-02-03,16,212,1,26.0,4,2,False
2023-02-03,16,222,2,26.0,4,2,False
2023-02-03,17,40,1,11.0,4,2,False
2023-02-03,17,145,3,54.0,4,2,False
2023-02-03,17,238,2,43.0,4,2,False
2023-02-03,19,134,1,24.0,4,2,False
2023-02-03,19,171,4,60.0,4,2,False
2023-02-03,19,249,2,37.0,4,2,False
2023-02-03,20,169,1,29.5,4,2,False
2023-02-03,21,82,1,17.15,4,2,False
2023-02-03,21,117,1,28.0,4,2,False
2023-02-03,24,109,1,17.5,4,2,False
2023-02-03,24,197,1,-25.9,4,2,False
2023-02-03,25,5,2,31.5,4,2,False
2023-02-03,25,67,1,26.25,4,2,False
2023-02-03,25,108,3,87.15,4,2,False
2023-02-03,25,169,1,38.5,4,2,False
2023-02-03,26,5,1,15.75,4,2,False
2023-02-03,26,145,1,23.8,4,2,False
2023-02-03,26,196,2,-35.0,4,2,False
2023-02-03,30,56,1,14.0,4,2,False
2023-02-03,30,134,1,31.85,4,2,False
2023-02-03,30,221,1,31.5,4,2,False
2023-02-03,31,213,1,25.2,4,2,False
2023-02-03,33,187,1,23.8,4,2,False
2023-02-03,34,83,1,24.15,4,2,False
2023-02-03,35,83,1,24.15,4,2,False
2023-02-04,1,4,1,44.5,5,2,True
2023-02-04,1,30,1,26.0,5,2,True
2023-02-04,1,39,1,28.0,5,2,True
2023-02-04,1,40,1,16.0,5,2,True
2023-02-04,1,67,1,28.0,5,2,True
2023-02-04,1,92,1,13.0,5,2,True
2023-02-04,1,93,1,-25.0,5,2,True
2023-02-04,1,118,1,42.0,5,2,True
2023-02-04,1,143,2,71.0,5,2,True
2023-02-04,1,169,1,-41.5,5,2,True
2023-02-04,1,170,1,34.0,5,2,True
2023-02-04,2,4,1,44.5,5,2,True
2023-02-04,2,39,1,28.0,5,2,True
2023-02-04,2,41,2,42.0,5,2,True
2023-02-04,2,82,1,18.5,5,2,True
2023-02-04,2,83,2,52.0,5,2,True
2023-02-04,2,109,1,19.0,5,2,True
2023-02-04,2,118,1,-42.5,5,2,True
2023-02-04,2,134,1,34.0,5,2,True
2023-02-04,2,143,2,71.0,5,2,True
2023-02-04,2,144,1,42.5,5,2,True
2023-02-04,2,160,1,25.0,5,2,True
2023-02-04,2,197,1,28.0,5,2,True
2023-02-04,2,222,1,18.5,5,2,True
2023-02-04,2,239,1,17.5,5,2,True
2023-02-04,3,108,1,31.0,5,2,True
2023-02-04,3,171,5,21.0,5,2,True
2023-02-04,3,222,1,18.5,5,2,True
2023-02-04,4,144,1,42.5,5,2,True
2023-02-04,4,248,1,13.0,5,2,True
2023-02-04,5,15,1,25.0,5,2,True
2023-02-04,5,65,1,32.5,5,2,True
2023-02-04,5,66,1,17.5,5,2,True
2023-02-04,5,93,2,50.0,5,2,True
2023-02-04,5,117,1,30.0,5,2,True
2023-02-04,5,143,1,35.5,5,2,True
2023-02-04,6,4,1,347.5,5,2,True
2023-02-04,6,31,1,108.0,5,2,True
2023-02-04,6,65,1,254.0,5,2,True
2023-02-04,6,169,1,-320.5,5,2,True
2023-02-04,6,171,1,163.5,5,2,True
2023-02-04,6,196,1,146.0,5,2,True
2023-02-04,6,212,1,283.0,5,2,True
2023-02-04,6,213,1,210.0,5,2,True
2023-02-04,6,221,1,262.5,5,2,True
2023-02-04,6,223,1,122.5,5,2,True
2023-02-04,6,249,1,201.5,5,2,True
2023-02-04,7,247,1,268.5,5,2,True
2023-02-04,8,39,1,219.0,5,2,True
2023-02-04,8,66,1,134.5,5,2,True
2023-02-04,8,82,1,143.0,5,2,True
2023-02-04,8,83,1,201.5,5,2,True
2023-02-04,8,91,2,549.0,5,2,True
2023-02-04,8,93,1,-192.5,5,2,True
2023-02-04,8,161,1,198.5,5,2,True
2023-02-04,8,213,1,210.0,5,2,True
2023-02-04,8,223,1,-122.5,5,2,True
2023-02-04,8,239,3,411.0,5,2,True
2023-02-04,9,4,1,347.5,5,2,True
2023-02-04,9,15,1,192.5,5,2,True
2023-02-04,9,39,3,657.0,5,2,True
2023-02-04,9,41,1,163.5,5,2,True
2023-02-04,9,56,1,117.0,5,2,True
2023-02-04,9,57,1,119.5,5,2,True
2023-02-04,9,108,1,242.5,5,2,True
2023-02-04,9,161,1,198.5,5,2,True
2023-02-04,9,186,1,178.0,5,2,True
2023-02-04,9,196,1,146.0,5,2,True
2023-02-04,9,212,1,283.0,5,2,True
2023-02-04,9,223,2,245.0,5,2,True
2023-02-04,10,15,1,192.5,5,2,True
2023-02-04,10,41,1,163.5,5,2,True
2023-02-04,10,170,1,-262.0,5,2,True
2023-02-04,10,247,2,-536.0,5,2,True
2023-02-04,10,249,1,201.5,5,2,True
2023-02-04,11,197,1,25.9,5,2,True
2023-02-04,11,238,1,28.35,5,2,True
2023-02-04,12,143,2,66.5,5,2,True
2023-02-04,12,144,1,39.55,5,2,True
2023-02-04,12,238,1,28.35,5,2,True
2023-02-04,12,248,1,12.25,5,2,True
2023-02-04,13,91,1,32.9,5,2,True
2023-02-04,13,171,1,19.6,5,2,True
2023-02-04,13,196,1,17.5,5,2,True
2023-02-04,14,83,1,24.15,5,2,True
2023-02-04,14,134,1,31.85,5,2,True
2023-02-04,14,160,1,23.45,5,2,True
2023-02-04,14,186,3,64.05,5,2,True
2023-02-04,16,5,1,12.0,5,2,True
2023-02-04,16,40,1,11.0,5,2,True
2023-02-04,16,66,1,12.0,5,2,True
2023-02-04,16,197,1,19.5,5,2,True
2023-02-04,16,239,1,12.5,5,2,True
2023-02-04,17,30,1,18.5,5,2,True
2023-02-04,17,223,1,11.0,5,2,True
2023-02-04,17,239,1,12.5,5,2,True
2023-02-04,18,161,1,18.0,5,2,True
2023-02-04,18,239,1,12.5,5,2,True
2023-02-04,19,196,1,13.5,5,2,True
2023-02-04,19,248,1,9.5,5,2,True
2023-02-04,20,39,1,20.0,5,2,True
2023-02-04,20,117,1,21.5,5,2,True
2023-02-04,21,40,1,14.7,5,2,True
2023-02-04,21,82,1,-17.15,5,2,True
2023-02-04,21,109,1,17.5,5,2,True
2023-02-04,21,118,1,39.2,5,2,True
2023-02-04,21,134,1,31.85,5,2,True
2023-02-04,22,5,1,15.75,5,2,True
2023-02-04,22,92,1,11.9,5,2,True
2023-02-04,22,212,1,33.95,5,2,True
2023-02-04,22,223,1,14.7,5,2,True
2023-02-04,22,248,1,12.25,5,2,True
2023-02-04,23,30,3,72.45,5,2,True
2023-02-04,23,109,1,17.5,5,2,True
2023-02-04,23,171,2,39.2,5,2,True
2023-02-04,23,222,1,17.15,5,2,True
2023-02-04,24,67,1,26.25,5,2,True
2023-02-04,24,118,1,39.2,5,2,True
2023-02-04,24,134,1,31.85,5,2,True
2023-02-04,24,186,1,21.35,5,2,True
2023-02-04,25,93,1,23.1,5,2,True
2023-02-04,25,212,1,33.95,5,2,True
2023-02-04,25,249,1,24.15,5,2,True
2023-02-04,26,4,1,41.65,5,2,True
2023-02-04,26,143,1,33.25,5,2,True
2023-02-04,26,170,1,31.5,5,2,True
2023-02-04,28,15,1,23.1,5,2,True
2023-02-04,29,13,1,21.7,5,2,True
2023-02-04,29,197,1,25.9,5,2,True
2023-02-04,30,57,2,28.7,5,2,True
2023-02-04,30,92,1,11.9,5,2,True
2023-02-04,30,117,1,28.0,5,2,True
2023-02-04,30,144,1,39.55,5,2,True
2023-02-04,31,66,3,48.3,5,2,True
2023-02-04,31,109,3,52.5,5,2,True
2023-02-04,31,135,2,53.2,5,2,True
2023-02-04,31,221,1,31.5,5,2,True
2023-02-04,32,145,1,23.8,5,2,True
2023-02-04,33,82,1,17.15,5,2,True
2023-02-04,35,160,1,23.45,5,2,True
2023-02-04,35,213,1,25.2,5,2,True
2023-02-05,1,31,1,14.0,6,2,True
2023-02-05,1,56,1,15.0,6,2,True
2023-02-05,1,108,2,62.0,6,2,True
2023-02-05,1,143,2,71.0,6,2,True
2023-02-05,1,171,1,21.0,6,2,True
2023-02-05,1,196,1,19.0,6,2,True
2023-02-05,1,222,1,18.5,6,2,True
2023-02-05,1,223,1,16.0,6,2,True
2023-02-05,1,239,1,17.5,6,2,True
2023-02-05,1,247,1,34.5,6,2,True
2023-02-05,2,13,4,94.0,6,2,True
2023-02-05,2,14,2,38.0,6,2,True
2023-02-05,2,31,1,14.0,6,2,True
2023-02-05,2,41,1,21.0,6,2,True
2023-02-05,2,57,1,15.5,6,2,True
2023-02-05,2,65,1,32.5,6,2,True
2023-02-05,2,66,1,17.5,6,2,True
2023-02-05,2,91,2,0.0,6,2,True
2023-02-05,2,118,1,42.0,6,2,True
2023-02-05,2,134,3,102.0,6,2,True
2023-02-05,2,160,1,25.0,6,2,True
2023-02-05,2,161,1,25.5,6,2,True
2023-02-05,2,213,1,27.0,6,2,True
2023-02-05,2,223,1,16.0,6,2,True
2023-02-05,2,238,1,30.5,6,2,True
2023-02-05,3,161,1,25.5,6,2,True
2023-02-05,3,223,2,32.0,6,2,True
2023-02-05,4,5,3,51.0,6,2,True
2023-02-05,4,13,1,23.5,6,2,True
2023-02-05,4,14,1,19.0,6,2,True
2023-02-05,4,82,1,18.5,6,2,True
2023-02-05,4,135,1,28.5,6,2,True
2023-02-05,4,186,3,69.0,6,2,True
2023-02-05,4,221,1,34.0,6,2,True
2023-02-05,5,13,1,23.5,6,2,True
2023-02-05,5,41,1,21.0,6,2,True
2023-02-05,5,83,1,26.0,6,2,True
2023-02-05,5,91,1,35.5,6,2,True
2023-02-05,5,108,1,31.0,6,2,True
2023-02-05,5,118,1,42.0,6,2,True
2023-02-05,5,145,1,25.5,6,2,True
2023-02-05,5,197,1,28.0,6,2,True
2023-02-05,5,221,1,34.0,6,2,True
2023-02-05,5,239,1,17.5,6,2,True
2023-02-05,6,31,1,108.0,6,2,True
2023-02-05,6,65,1,254.0,6,2,True
2023-02-05,6,82,1,143.0,6,2,True
2023-02-05,6,93,4,770.0,6,2,True
2023-02-05,6,119,1,178.0,6,2,True
2023-02-05,6,144,1,330.0,6,2,True
2023-02-05,6,222,1,143.0,6,2,True
2023-02-05,7,31,1,108.0,6,2,True
2023-02-05,7,66,1,134.5,6,2,True
2023-02-05,7,143,1,277.5,6,2,True
2023-02-05,7,187,1,198.5,6,2,True
2023-02-05,8,13,1,181.0,6,2,True
2023-02-05,8,41,1,163.5,6,2,True
2023-02-05,8,66,1,134.5,6,2,True
2023-02-05,8,117,2,467.0,6,2,True
2023-02-05,8,119,1,178.0,6,2,True
2023-02-05,8,143,1,277.5,6,2,True
2023-02-05,8,144,1,330.0,6,2,True
2023-02-05,8,145,1,198.5,6,2,True
2023-02-05,8,169,2,642.0,6,2,True
2023-02-05,8,170,1,262.5,6,2,True
2023-02-05,8,187,1,198.5,6,2,True
2023-02-05,8,195,1,260.0,6,2,True
2023-02-05,8,197,1,216.0,6,2,True
2023-02-05,8,222,1,143.0,6,2,True
2023-02-05,8,248,2,204.0,6,2,True
2023-02-05,9,4,1,-347.5,6,2,True
2023-02-05,9,15,1,192.5,6,2,True
2023-02-05,9,40,3,367.5,6,2,True
2023-02-05,9,66,2,269.0,6,2,True
2023-02-05,9,119,1,178.0,6,2,True
2023-02-05,9,143,1,277.5,6,2,True
2023-02-05,9,145,1,198.5,6,2,True
2023-02-05,9,161,1,198.5,6,2,True
2023-02-05,9,212,1,283.0,6,2,True
2023-02-05,9,249,1,201.5,6,2,True
2023-02-05,10,39,1,-218.5,6,2,True
2023-02-05,10,65,1,254.0,6,2,True
2023-02-05,10,108,1,242.5,6,2,True
2023-02-05,10,170,1,262.5,6,2,True
2023-02-05,11,109,1,17.5,6,2,True
2023-02-05,11,171,1,19.6,6,2,True
2023-02-05,12,31,1,12.95,6,2,True
2023-02-05,13,143,1,33.25,6,2,True
2023-02-05,14,39,1,26.25,6,2,True
2023-02-05,14,82,1,17.15,6,2,True
2023-02-05,14,119,1,21.35,6,2,True
2023-02-05,14,161,1,23.8,6,2,True
2023-02-05,14,169,1,38.5,6,2,True
2023-02-05,14,249,1,24.15,6,2,True
2023-02-05,15,223,1,14.7,6,2,True
2023-02-05,16,4,5,157.5,6,2,True
2023-02-05,16,5,1,12.0,6,2,True
2023-02-05,16,145,1,18.0,6,2,True
2023-02-05,16,170,1,24.0,6,2,True
2023-02-05,17,14,2,27.0,6,2,True
2023-02-05,17,65,1,23.0,6,2,True
2023-02-05,17,91,1,25.0,6,2,True
2023-02-05,17,117,1,21.5,6,2,True
2023-02-05,19,91,1,25.0,6,2,True
2023-02-05,19,93,1,17.5,6,2,True
2023-02-05,19,239,1,12.5,6,2,True
2023-02-05,21,4,1,41.65,6,2,True
2023-02-05,21,5,1,15.75,6,2,True
2023-02-05,21,212,1,33.95,6,2,True
2023-02-05,22,4,1,41.65,6,2,True
2023-02-05,22,161,1,23.8,6,2,True
2023-02-05,24,134,1,31.85,6,2,True
2023-02-05,24,135,1,26.6,6,2,True
2023-02-05,24,186,1,21.35,6,2,True
2023-02-05,24,247,1,32.2,6,2,True
2023-02-05,25,145,1,23.8,6,2,True
2023-02-05,25,212,1,-33.95,6,2,True
2023-02-05,25,249,1,24.15,6,2,True
2023-02-05,26,170,1,31.5,6,2,True
2023-02-05,27,4,1,41.65,6,2,True
2023-02-05,27,40,3,44.1,6,2,True
2023-02-05,28,195,1,31.15,6,2,True
2023-02-05,28,212,1,33.95,6,2,True
2023-02-05,31,4,2,-83.3,6,2,True
2023-02-05,31,67,1,26.25,6,2,True
2023-02-05,31,82,1,17.15,6,2,True
2023-02-05,31,212,1,33.95,6,2,True
2023-02-05,31,238,1,28.35,6,2,True
2023-02-05,32,92,1,11.9,6,2,True
2023-02-05,32,143,1,33.25,6,2,True
2023-02-05,32,160,1,23.45,6,2,True
2023-02-05,32,161,1,23.8,6,2,True
2023-02-05,33,109,1,17.5,6,2,True
2023-02-05,33,212,1,33.95,6,2,True
2023-02-05,34,160,2,46.9,6,2,True
2023-02-06,1,197,1,28.0,0,2,False
2023-02-06,1,222,2,37.0,0,2,False
2023-02-06,1,239,1,17.5,0,2,False
2023-02-06,2,143,1,35.5,0,2,False
2023-02-06,2,145,1,25.5,0,2,False
2023-02-06,3,134,1,34.0,0,2,False
2023-02-06,3,135,1,28.5,0,2,False
2023-02-06,4,145,1,25.5,0,2,False
2023-02-06,4,213,1,27.0,0,2,False
2023-02-06,5,143,1,35.5,0,2,False
2023-02-06,5,169,1,41.5,0,2,False
2023-02-06,6,134,1,265.5,0,2,False
2023-02-06,6,221,1,262.5,0,2,False
2023-02-06,7,238,3,709.5,0,2,False
2023-02-06,8,4,2,695.0,0,2,False
2023-02-06,8,15,1,192.5,0,2,False
2023-02-06,8,65,1,254.0,0,2,False
2023-02-06,8,66,1,134.5,0,2,False
2023-02-06,8,92,1,99.5,0,2,False
2023-02-06,8,134,1,265.5,0,2,False
2023-02-06,8,249,1,201.5,0,2,False
2023-02-06,9,13,1,181.0,0,2,False
2023-02-06,9,186,1,178.0,0,2,False
2023-02-06,9,221,1,262.5,0,2,False
2023-02-06,9,239,1,137.0,0,2,False
2023-02-06,10,15,1,192.5,0,2,False
2023-02-06,10,31,1,108.0,0,2,False
2023-02-06,10,83,1,201.5,0,2,False
2023-02-06,10,92,1,99.5,0,2,False
2023-02-06,10,160,1,-195.0,0,2,False
2023-02-06,10,186,1,178.0,0,2,False
2023-02-06,10,248,1,102.0,0,2,False
2023-02-06,14,65,1,30.45,0,2,False
2023-02-06,15,134,1,31.85,0,2,False
2023-02-06,16,31,1,10.0,0,2,False
2023-02-06,16,41,1,15.0,0,2,False
2023-02-06,16,65,1,23.0,0,2,False
2023-02-06,16,248,1,9.5,0,2,False
2023-02-06,17,15,1,17.5,0,2,False
2023-02-06,17,91,3,75.0,0,2,False
2023-02-06,18,82,1,13.0,0,2,False
2023-02-06,20,161,1,18.0,0,2,False
2023-02-06,21,5,1,15.75,0,2,False
2023-02-06,21,40,1,14.7,0,2,False
2023-02-06,21,117,1,28.0,0,2,False
2023-02-06,21,145,1,23.8,0,2,False
2023-02-06,21,197,1,25.9,0,2,False
2023-02-06,22,30,1,24.15,0,2,False
2023-02-06,22,108,1,29.05,0,2,False
2023-02-06,23,170,1,31.5,0,2,False
2023-02-06,25,82,2,34.3,0,2,False
2023-02-06,25,145,1,23.8,0,2,False
2023-02-06,26,161,1,23.8,0,2,False
2023-02-06,26,213,1,25.2,0,2,False
2023-02-06,27,92,1,11.9,0,2,False
2023-02-06,29,91,3,98.7,0,2,False
2023-02-06,30,238,1,28.35,0,2,False
2023-02-06,32,161,1,23.8,0,2,False
2023-02-06,34,40,1,14.7,0,2,False
2023-02-06,35,169,1,38.5,0,2,False
2023-02-07,1,4,1,44.5,1,2,False
2023-02-07,1,91,1,35.5,1,2,False
2023-02-07,1,186,3,69.0,1,2,False
2023-02-07,1,222,1,18.5,1,2,False
2023-02-07,2,14,1,19.0,1,2,False
2023-02-07,2,66,1,17.5,1,2,False
2023-02-07,2,67,1,28.0,1,2,False
2023-02-07,2,83,2,52.0,1,2,False
2023-02-07,2,143,1,35.5,1,2,False
2023-02-07,2,171,1,21.0,1,2,False
2023-02-07,2,212,1,36.5,1,2,False
2023-02-07,2,221,1,34.0,1,2,False
2023-02-07,2,239,1,17.5,1,2,False
2023-02-07,3,13,1,23.5,1,2,False
2023-02-07,3,109,1,19.0,1,2,False
2023-02-07,3,135,1,28.5,1,2,False
2023-02-07,3,213,1,27.0,1,2,False
2023-02-07,4,14,1,19.0,1,2,False
2023-02-07,4,109,1,19.0,1,2,False
2023-02-07,4,135,1,28.5,1,2,False
2023-02-07,4,171,1,21.0,1,2,False
2023-02-07,5,39,1,28.0,1,2,False
2023-02-07,5,239,1,17.5,1,2,False
2023-02-07,6,171,1,163.5,1,2,False
2023-02-07,6,247,1,268.5,1,2,False
2023-02-07,7,56,1,117.0,1,2,False
2023-02-07,8,15,1,192.5,1,2,False
2023-02-07,8,39,2,438.0,1,2,False
2023-02-07,8,135,2,444.0,1,2,False
2023-02-07,8,145,1,198.5,1,2,False
2023-02-07,9,13,1,181.0,1,2,False
2023-02-07,9,93,1,192.5,1,2,False
2023-02-07,9,134,1,265.5,1,2,False
2023-02-07,9,144,1,330.0,1,2,False
2023-02-07,9,212,1,283.0,1,2,False
2023-02-07,9,249,2,403.0,1,2,False
2023-02-07,10,14,1,146.0,1,2,False
2023-02-07,10,249,1,201.5,1,2,False
2023-02-07,11,91,1,32.9,1,2,False
2023-02-07,11,195,1,31.15,1,2,False
2023-02-07,11,196,1,17.5,1,2,False
2023-02-07,12,15,1,23.1,1,2,False
2023-02-07,13,108,1,29.05,1,2,False
2023-02-07,14,13,1,21.7,1,2,False
2023-02-07,14,39,1,26.25,1,2,False
2023-02-07,14,109,1,17.5,1,2,False
2023-02-07,14,161,2,47.6,1,2,False
2023-02-07,16,65,1,23.0,1,2,False
2023-02-07,16,92,1,9.0,1,2,False
2023-02-07,16,161,1,-18.0,1,2,False
2023-02-07,17,56,1,10.5,1,2,False
2023-02-07,17,67,1,20.0,1,2,False
2023-02-07,18,222,2,0.0,1,2,False
2023-02-07,20,186,1,16.0,1,2,False
2023-02-07,20,239,1,12.5,1,2,False
2023-02-07,21,57,1,14.35,1,2,False
2023-02-07,21,109,1,-17.5,1,2,False
2023-02-07,21,222,1,-17.15,1,2,False
2023-02-07,21,238,2,0.0,1,2,False
2023-02-07,25,238,1,28.35,1,2,False
2023-02-07,27,13,1,21.7,1,2,False
2023-02-07,27,93,1,23.1,1,2,False
2023-02-07,28,247,1,32.2,1,2,False
2023-02-07,29,40,1,14.7,1,2,False
2023-02-07,29,247,1,32.2,1,2,False
2023-02-07,30,238,1,28.35,1,2,False
2023-02-07,31,83,1,24.15,1,2,False
2023-02-07,31,238,1,28.35,1,2,False
2023-02-07,34,134,1,31.85,1,2,False
2023-02-08,1,92,1,13.0,2,2,False
2023-02-08,1,109,2,38.0,2,2,False
2023-02-08,1,117,1,30.0,2,2,False
2023-02-08,1,221,2,68.0,2,2,False
2023-02-08,2,15,1,25.0,2,2,False
2023-02-08,2,66,1,17.5,2,2,False
2023-02-08,2,67,1,28.0,2,2,False
2023-02-08,2,160,3,75.0,2,2,False
2023-02-08,2,247,1,34.5,2,2,False
2023-02-08,3,57,1,15.5,2,2,False
2023-02-08,4,66,1,17.5,2,2,False
2023-02-08,5,92,1,13.0,2,2,False
2023-02-08,5,119,1,23.0,2,2,False
2023-02-08,5,170,1,34.0,2,2,False
2023-02-08,6,144,1,330.0,2,2,False
2023-02-08,6,223,1,122.5,2,2,False
2023-02-08,6,238,1,236.5,2,2,False
2023-02-08,8,39,1,219.0,2,2,False
2023-02-08,8,144,1,330.0,2,2,False
2023-02-08,8,145,1,198.5,2,2,False
2023-02-08,8,170,1,262.5,2,2,False
2023-02-08,8,187,1,198.5,2,2,False
2023-02-08,8,248,1,102.0,2,2,False
2023-02-08,9,15,2,385.0,2,2,False
2023-02-08,9,83,1,201.5,2,2,False
2023-02-08,10,14,1,146.0,2,2,False
2023-02-08,10,92,2,-199.0,2,2,False
2023-02-08,10,144,1,330.0,2,2,False
2023-02-08,11,41,1,19.6,2,2,False
2023-02-08,11,160,1,23.45,2,2,False
2023-02-08,11,223,1,14.7,2,2,False
2023-02-08,12,213,1,-25.2,2,2,False
2023-02-08,13,14,1,17.5,2,2,False
2023-02-08,13,15,1,23.1,2,2,False
2023-02-08,14,93,1,23.1,2,2,False
2023-02-08,14,161,1,23.8,2,2,False
2023-02-08,14,249,1,24.15,2,2,False
2023-02-08,16,143,1,25.5,2,2,False
2023-02-08,16,144,1,30.0,2,2,False
2023-02-08,17,160,1,18.0,2,2,False
2023-02-08,17,221,1,24.0,2,2,False
2023-02-08,19,91,1,25.0,2,2,False
2023-02-08,19,195,1,23.5,2,2,False
2023-02-08,20,13,1,16.5,2,2,False
2023-02-08,20,221,1,-24.0,2,2,False
2023-02-08,21,14,1,17.5,2,2,False
2023-02-08,24,14,2,35.0,2,2,False
2023-02-08,24,160,1,23.45,2,2,False
2023-02-08,24,248,1,12.25,2,2,False
2023-02-08,26,31,1,12.95,2,2,False
2023-02-08,27,221,1,31.5,2,2,False
2023-02-08,28,221,1,31.5,2,2,False
2023-02-08,29,195,1,31.15,2,2,False
2023-02-08,30,170,1,31.5,2,2,False
2023-02-08,30,249,1,24.15,2,2,False
2023-02-08,31,30,1,24.15,2,2,False
2023-02-08,31,57,1,14.35,2,2,False
2023-02-08,31,92,1,-11.9,2,2,False
2023-02-08,32,5,2,0.0,2,2,False
2023-02-08,32,160,1,23.45,2,2,False
2023-02-08,32,212,1,33.95,2,2,False
2023-02-08,33,57,3,43.05,2,2,False
2023-02-09,1,5,1,17.0,3,2,False
2023-02-09,1,15,1,25.0,3,2,False
2023-02-09,1,221,1,34.0,3,2,False
2023-02-09,1,247,1,34.5,3,2,False
2023-02-09,2,91,1,35.5,3,2,False
2023-02-09,2,93,1,25.0,3,2,False
2023-02-09,2,143,1,35.5,3,2,False
2023-02-09,2,145,1,25.5,3,2,False
2023-02-09,2,238,1,30.5,3,2,False
2023-02-09,5,145,1,25.5,3,2,False
2023-02-09,6,92,1,99.5,3,2,False
2023-02-09,6,160,1,195.5,3,2,False
2023-02-09,6,171,1,163.5,3,2,False
2023-02-09,6,221,1,262.5,3,2,False
2023-02-09,7,83,1,201.5,3,2,False
2023-02-09,7,135,1,222.0,3,2,False
2023-02-09,8,15,1,192.5,3,2,False
2023-02-09,8,169,3,963.0,3,2,False
2023-02-09,8,170,1,262.5,3,2,False
2023-02-09,9,13,1,181.0,3,2,False
2023-02-09,9,161,1,198.5,3,2,False
2023-02-09,9,249,1,201.5,3,2,False
2023-02-09,10,144,1,330.0,3,2,False
2023-02-09,10,221,1,262.5,3,2,False
2023-02-09,10,238,1,236.5,3,2,False
2023-02-09,10,247,1,268.5,3,2,False
2023-02-09,11,14,1,17.5,3,2,False
2023-02-09,11,186,1,21.35,3,2,False
2023-02-09,12,212,1,33.95,3,2,False
2023-02-09,13,196,1,17.5,3,2,False
2023-02-09,13,212,1,33.95,3,2,False
2023-02-09,14,56,1,14.0,3,2,False
2023-02-09,15,212,1,33.95,3,2,False
2023-02-09,15,247,1,32.2,3,2,False
2023-02-09,19,66,1,12.0,3,2,False
2023-02-09,21,187,1,23.8,3,2,False
2023-02-09,22,56,1,14.0,3,2,False
2023-02-09,23,13,1,21.7,3,2,False
2023-02-09,23,30,3,72.45,3,2,False
2023-02-09,24,4,1,41.65,3,2,False
2023-02-09,24,83,1,24.15,3,2,False
2023-02-09,24,92,1,11.9,3,2,False
2023-02-09,25,92,1,11.9,3,2,False
2023-02-09,30,160,3,70.35,3,2,False
2023-02-09,30,171,1,19.6,3,2,False
2023-02-09,31,213,1,25.2,3,2,False
2023-02-09,31,238,1,28.35,3,2,False
2023-02-09,33,135,1,26.6,3,2,False
2023-02-09,34,186,1,21.35,3,2,False
2023-02-10,1,15,1,25.0,4,2,False
2023-02-10,1,66,1,17.5,4,2,False
2023-02-10,1,118,1,-42.0,4,2,False
2023-02-10,1,119,1,23.0,4,2,False
2023-02-10,1,196,3,57.0,4,2,False
2023-02-10,2,40,1,16.0,4,2,False
2023-02-10,2,67,1,28.0,4,2,False
2023-02-10,2,223,1,-16.0,4,2,False
2023-02-10,3,221,1,34.0,4,2,False
2023-02-10,3,222,1,18.5,4,2,False
2023-02-10,4,31,1,14.0,4,2,False
2023-02-10,4,66,1,-17.5,4,2,False
2023-02-10,4,67,1,28.0,4,2,False
2023-02-10,4,145,1,25.5,4,2,False
2023-02-10,4,195,1,33.5,4,2,False
2023-02-10,4,248,1,13.0,4,2,False
2023-02-10,5,4,1,44.5,4,2,False
2023-02-10,5,31,1,14.0,4,2,False
2023-02-10,5,40,1,16.0,4,2,False
2023-02-10,5,118,1,42.0,4,2,False
2023-02-10,5,196,1,19.0,4,2,False
2023-02-10,7,5,1,131.5,4,2,False
2023-02-10,7,91,1,274.5,4,2,False
2023-02-10,7,117,1,233.5,4,2,False
2023-02-10,8,30,1,201.5,4,2,False
2023-02-10,8,92,1,99.5,4,2,False
2023-02-10,8,160,1,195.5,4,2,False
2023-02-10,8,169,1,321.0,4,2,False
2023-02-10,8,195,1,260.0,4,2,False
2023-02-10,8,197,1,216.0,4,2,False
2023-02-10,9,143,1,277.5,4,2,False
2023-02-10,9,144,1,330.0,4,2,False
2023-02-10,9,170,1,262.5,4,2,False
2023-02-10,9,212,1,-283.0,4,2,False
2023-02-10,10,15,1,192.5,4,2,False
2023-02-10,11,40,1,14.7,4,2,False
2023-02-10,11,56,3,42.0,4,2,False
2023-02-10,11,144,1,39.55,4,2,False
2023-02-10,11,195,1,31.15,4,2,False
2023-02-10,12,109,2,35.0,4,2,False
2023-02-10,12,135,1,26.6,4,2,False
2023-02-10,13,248,1,12.25,4,2,False
2023-02-10,14,160,1,23.45,4,2,False
2023-02-10,14,171,1,19.6,4,2,False
2023-02-10,14,196,1,17.5,4,2,False
2023-02-10,16,82,2,26.0,4,2,False
2023-02-10,17,5,2,24.0,4,2,False
2023-02-10,17,67,1,20.0,4,2,False
2023-02-10,17,134,1,-24.5,4,2,False
2023-02-10,17,239,1,-12.5,4,2,False
2023-02-10,19,15,1,17.5,4,2,False
2023-02-10,19,93,1,17.5,4,2,False
2023-02-10,19,171,1,15.0,4,2,False
2023-02-10,22,109,1,17.5,4,2,False
2023-02-10,22,144,1,39.55,4,2,False
2023-02-10,24,57,1,14.35,4,2,False
2023-02-10,24,187,1,23.8,4,2,False
2023-02-10,25,144,1,39.55,4,2,False
2023-02-10,25,170,2,63.0,4,2,False
2023-02-10,26,170,1,31.5,4,2,False
2023-02-10,27,170,1,31.5,4,2,False
2023-02-10,29,57,1,14.35,4,2,False
2023-02-10,29,66,1,16.1,4,2,False
2023-02-10,30,161,1,23.8,4,2,False
2023-02-10,30,171,1,19.6,4,2,False
2023-02-10,30,195,1,31.15,4,2,False
2023-02-10,32,57,1,14.35,4,2,False
2023-02-10,32,212,3,101.85,4,2,False
2023-02-10,33,82,1,17.15,4,2,False
2023-02-10,34,13,1,21.7,4,2,False
2023-02-10,34,39,1,26.25,4,2,False
2023-02-11,1,15,1,25.0,5,2,True
2023-02-11,1,92,1,13.0,5,2,True
2023-02-11,1,117,1,30.0,5,2,True
2023-02-11,1,118,1,42.0,5,2,True
2023-02-11,1,134,1,34.0,5,2,True
2023-02-11,1,143,1,35.5,5,2,True
2023-02-11,1,221,1,-34.0,5,2,True
2023-02-11,2,5,1,17.0,5,2,True
2023-02-11,2,67,1,28.0,5,2,True
2023-02-11,2,83,1,26.0,5,2,True
2023-02-11,2,92,1,13.0,5,2,True
2023-02-11,2,108,1,31.0,5,2,True
2023-02-11,2,171,1,21.0,5,2,True
2023-02-11,2,187,1,25.5,5,2,True
2023-02-11,2,195,1,33.5,5,2,True
2023-02-11,2,197,1,28.0,5,2,True
2023-02-11,2,221,1,34.0,5,2,True
2023-02-11,2,222,1,18.5,5,2,True
2023-02-11,2,223,1,16.0,5,2,True
2023-02-11,4,109,1,19.0,5,2,True
2023-02-11,4,119,2,46.0,5,2,True
2023-02-11,4,143,1,35.5,5,2,True
2023-02-11,4,195,1,33.5,5,2,True
2023-02-11,4,247,1,34.5,5,2,True
2023-02-11,4,248,1,13.0,5,2,True
2023-02-11,5,15,5,125.0,5,2,True
2023-02-11,5,134,1,34.0,5,2,True
2023-02-11,5,145,1,-25.5,5,2,True
2023-02-11,5,197,2,56.0,5,2,True
2023-02-11,6,13,1,181.0,5,2,True
2023-02-11,6,31,1,108.0,5,2,True
2023-02-11,6,57,2,239.0,5,2,True
2023-02-11,6,93,1,192.5,5,2,True
2023-02-11,6,144,1,330.0,5,2,True
2023-02-11,6,195,1,260.0,5,2,True
2023-02-11,6,222,1,143.0,5,2,True
2023-02-11,6,247,1,268.5,5,2,True
2023-02-11,6,248,2,204.0,5,2,True
2023-02-11,7,82,1,143.0,5,2,True
2023-02-11,7,169,1,321.0,5,2,True
2023-02-11,7,195,1,260.0,5,2,True
2023-02-11,7,197,1,216.0,5,2,True
2023-02-11,7,212,1,283.0,5,2,True
2023-02-11,8,15,1,192.5,5,2,True
2023-02-11,8,39,1,219.0,5,2,True
2023-02-11,8,41,1,163.5,5,2,True
2023-02-11,8,108,1,242.5,5,2,True
2023-02-11,8,117,1,233.5,5,2,True
2023-02-11,8,145,1,198.5,5,2,True
2023-02-11,8,212,1,283.0,5,2,True
2023-02-11,8,221,1,262.5,5,2,True
2023-02-11,9,5,1,131.5,5,2,True
2023-02-11,9,14,1,146.0,5,2,True
2023-02-11,9,30,1,201.5,5,2,True
2023-02-11,9,40,2,245.0,5,2,True
2023-02-11,9,56,1,117.0,5,2,True
2023-02-11,9,82,1,143.0,5,2,True
2023-02-11,9,143,1,277.5,5,2,True
2023-02-11,9,169,1,321.0,5,2,True
2023-02-11,10,117,1,233.5,5,2,True
2023-02-11,10,118,1,327.0,5,2,True
2023-02-11,10,144,1,330.0,5,2,True
2023-02-11,10,145,1,198.5,5,2,True
2023-02-11,10,160,1,195.5,5,2,True
2023-02-11,10,170,1,262.5,5,2,True
2023-02-11,10,248,1,102.0,5,2,True
2023-02-11,10,249,1,201.5,5,2,True
2023-02-11,11,39,2,52.5,5,2,True
2023-02-11,11,92,2,23.8,5,2,True
2023-02-11,11,118,1,39.2,5,2,True
2023-02-11,11,134,1,31.85,5,2,True
2023-02-11,11,247,1,32.2,5,2,True
2023-02-11,12,30,1,24.15,5,2,True
2023-02-11,12,93,1,23.1,5,2,True
2023-02-11,12,145,1,23.8,5,2,True
2023-02-11,12,187,1,23.8,5,2,True
2023-02-11,13,92,1,11.9,5,2,True
2023-02-11,13,93,1,23.1,5,2,True
2023-02-11,13,212,1,33.95,5,2,True
2023-02-11,14,41,1,19.6,5,2,True
2023-02-11,14,119,1,21.35,5,2,True
2023-02-11,14,170,1,31.5,5,2,True
2023-02-11,14,249,1,24.15,5,2,True
2023-02-11,15,247,1,32.2,5,2,True
2023-02-11,16,39,1,20.0,5,2,True
2023-02-11,16,57,1,11.0,5,2,True
2023-02-11,16,67,3,60.0,5,2,True
2023-02-11,16,170,1,24.0,5,2,True
2023-02-11,17,82,4,52.0,5,2,True
2023-02-11,17,119,1,16.0,5,2,True
2023-02-11,17,187,1,18.0,5,2,True
2023-02-11,18,57,1,11.0,5,2,True
2023-02-11,18,171,1,15.0,5,2,True
2023-02-11,19,239,1,12.5,5,2,True
2023-02-11,20,223,1,11.0,5,2,True
2023-02-11,21,5,1,15.75,5,2,True
2023-02-11,21,40,1,14.7,5,2,True
2023-02-11,21,117,1,28.0,5,2,True
2023-02-11,21,196,1,-17.5,5,2,True
2023-02-11,21,238,1,28.35,5,2,True
2023-02-11,22,248,1,-12.25,5,2,True
2023-02-11,23,144,1,39.55,5,2,True
2023-02-11,24,5,3,47.25,5,2,True
2023-02-11,24,13,1,21.7,5,2,True
2023-02-11,24,14,1,17.5,5,2,True
2023-02-11,25,161,1,23.8,5,2,True
2023-02-11,25,212,1,33.95,5,2,True
2023-02-11,25,221,1,31.5,5,2,True
2023-02-11,27,108,1,29.05,5,2,True
2023-02-11,29,247,1,32.2,5,2,True
2023-02-11,30,5,1,15.75,5,2,True
2023-02-11,30,83,1,24.15,5,2,True
2023-02-11,30,92,1,-11.9,5,2,True
2023-02-11,30,145,1,23.8,5,2,True
2023-02-11,31,83,1,24.15,5,2,True
2023-02-11,31,93,1,23.1,5,2,True
2023-02-11,31,169,3,115.5,5,2,True
2023-02-11,32,15,1,23.1,5,2,True
2023-02-11,33,15,2,46.2,5,2,True
2023-02-11,33,82,1,17.15,5,2,True
2023-02-11,35,5,1,15.75,5,2,True
2023-02-11,35,41,1,19.6,5,2,True
2023-02-11,35,171,1,19.6,5,2,True
2023-02-12,1,14,1,19.0,6,2,True
2023-02-12,1,56,1,15.0,6,2,True
2023-02-12,1,82,1,18.5,6,2,True
2023-02-12,1,83,1,26.0,6,2,True
2023-02-12,1,92,1,13.0,6,2,True
2023-02-12,1,119,1,23.0,6,2,True
2023-02-12,1,145,1,25.5,6,2,True
2023-02-12,1,171,1,21.0,6,2,True
2023-02-12,1,197,1,28.0,6,2,True
2023-02-12,2,4,1,44.5,6,2,True
2023-02-12,2,5,1,17.0,6,2,True
2023-02-12,2,13,1,23.5,6,2,True
2023-02-12,2,41,1,21.0,6,2,True
2023-02-12,2,56,1,15.0,6,2,True
2023-02-12,2,92,1,13.0,6,2,True
2023-02-12,2,109,1,19.0,6,2,True
2023-02-12,2,135,2,57.0,6,2,True
2023-02-12,2,143,1,35.5,6,2,True
2023-02-12,2,145,1,25.5,6,2,True
2023-02-12,2,170,1,34.0,6,2,True
2023-02-12,2,171,1,21.0,6,2,True
2023-02-12,2,195,2,67.0,6,2,True
2023-02-12,3,119,1,23.0,6,2,True
2023-02-12,4,13,1,23.5,6,2,True
2023-02-12,4,14,1,-19.0,6,2,True
2023-02-12,4,67,1,28.0,6,2,True
2023-02-12,4,91,1,35.5,6,2,True
2023-02-12,4,143,4,142.0,6,2,True
2023-02-12,4,221,1,34.0,6,2,True
2023-02-12,4,223,1,16.0,6,2,True
2023-02-12,5,57,1,15.5,6,2,True
2023-02-12,5,195,1,33.5,6,2,True
2023-02-12,5,239,1,17.5,6,2,True
2023-02-12,5,249,1,26.0,6,2,True
2023-02-12,6,4,1,347.5,6,2,True
2023-02-12,6,15,1,192.5,6,2,True
2023-02-12,6,31,1,108.0,6,2,True
2023-02-12,6,108,1,242.5,6,2,True
2023-02-12,6,161,1,198.5,6,2,True
2023-02-12,6,221,1,262.5,6,2,True
2023-02-12,7,119,1,178.0,6,2,True
2023-02-12,7,238,1,236.5,6,2,True
2023-02-12,7,247,1,268.5,6,2,True
2023-02-12,8,39,1,219.0,6,2,True
2023-02-12,8,57,1,119.5,6,2,True
2023-02-12,8,67,1,219.0,6,2,True
2023-02-12,8,108,1,-242.5,6,2,True
2023-02-12,8,134,2,531.0,6,2,True
2023-02-12,8,238,1,236.5,6,2,True
2023-02-12,8,247,1,268.5,6,2,True
2023-02-12,8,249,1,201.5,6,2,True
2023-02-12,9,41,2,327.0,6,2,True
2023-02-12,9,118,2,654.0,6,2,True
2023-02-12,9,145,1,198.5,6,2,True
2023-02-12,9,222,1,143.0,6,2,True
2023-02-12,9,239,1,137.0,6,2,True
2023-02-12,9,248,1,102.0,6,2,True
2023-02-12,10,67,1,219.0,6,2,True
2023-02-12,10,169,1,321.0,6,2,True
2023-02-12,10,186,1,178.0,6,2,True
2023-02-12,10,238,1,236.5,6,2,True
2023-02-12,10,239,3,411.0,6,2,True
2023-02-12,11,169,1,38.5,6,2,True
2023-02-12,11,212,1,33.95,6,2,True
2023-02-12,12,92,1,11.9,6,2,True
2023-02-12,12,108,1,29.05,6,2,True
2023-02-12,12,118,1,39.2,6,2,True
2023-02-12,12,144,1,-39.55,6,2,True
2023-02-12,12,212,2,67.9,6,2,True
2023-02-12,13,5,1,15.75,6,2,True
2023-02-12,13,65,1,30.45,6,2,True
2023-02-12,13,92,1,11.9,6,2,True
2023-02-12,13,134,1,31.85,6,2,True
2023-02-12,13,144,1,-39.55,6,2,True
2023-02-12,15,196,1,17.5,6,2,True
2023-02-12,16,41,1,-15.0,6,2,True
2023-02-12,16,57,1,-11.0,6,2,True
2023-02-12,16,65,1,23.0,6,2,True
2023-02-12,16,92,2,18.0,6,2,True
2023-02-12,16,109,1,13.5,6,2,True
2023-02-12,16,135,1,20.0,6,2,True
2023-02-12,16,144,1,30.0,6,2,True
2023-02-12,16,171,1,15.0,6,2,True
2023-02-12,16,212,1,26.0,6,2,True
2023-02-12,17,145,1,18.0,6,2,True
2023-02-12,18,40,1,11.0,6,2,True
2023-02-12,18,221,1,24.0,6,2,True
2023-02-12,19,82,2,26.0,6,2,True
2023-02-12,19,144,1,30.0,6,2,True
2023-02-12,19,197,1,19.5,6,2,True
2023-02-12,21,5,1,15.75,6,2,True
2023-02-12,21,31,1,12.95,6,2,True
2023-02-12,21,41,1,19.6,6,2,True
2023-02-12,21,57,1,14.35,6,2,True
2023-02-12,21,118,2,78.4,6,2,True
2023-02-12,21,135,1,26.6,6,2,True
2023-02-12,21,145,1,23.8,6,2,True
2023-02-12,21,222,1,17.15,6,2,True
2023-02-12,22,67,1,26.25,6,2,True
2023-02-12,22,239,1,16.45,6,2,True
2023-02-12,23,30,2,48.3,6,2,True
2023-02-12,23,56,1,14.0,6,2,True
2023-02-12,23,83,1,24.15,6,2,True
2023-02-12,24,135,1,26.6,6,2,True
2023-02-12,24,195,1,31.15,6,2,True
2023-02-12,25,66,1,16.1,6,2,True
2023-02-12,25,169,1,-38.5,6,2,True
2023-02-12,25,196,1,17.5,6,2,True
2023-02-12,25,212,1,33.95,6,2,True
2023-02-12,26,212,1,33.95,6,2,True
2023-02-12,27,66,1,16.1,6,2,True
2023-02-12,29,91,1,32.9,6,2,True
2023-02-12,30,169,1,38.5,6,2,True
2023-02-12,31,119,1,21.35,6,2,True
2023-02-12,33,40,2,0.0,6,2,True
2023-02-12,33,57,3,-43.05,6,2,True
2023-02-12,33,82,1,-17.15,6,2,True
2023-02-12,33,161,1,23.8,6,2,True
2023-02-12,33,212,1,33.95,6,2,True
2023-02-12,34,196,1,17.5,6,2,True
2023-02-13,1,57,1,15.5,0,2,False
2023-02-13,1,161,1,25.5,0,2,False
2023-02-13,1,239,1,17.5,0,2,False
2023-02-13,1,247,1,34.5,0,2,False
2023-02-13,1,249,1,26.0,0,2,False
2023-02-13,2,15,4,100.0,0,2,False
2023-02-13,2,134,1,34.0,0,2,False
2023-02-13,2,143,1,35.5,0,2,False
2023-02-13,2,170,1,34.0,0,2,False
2023-02-13,2,222,1,18.5,0,2,False
2023-02-13,3,30,1,26.0,0,2,False
2023-02-13,3,212,1,36.5,0,2,False
2023-02-13,4,4,1,44.5,0,2,False
2023-02-13,4,135,1,28.5,0,2,False
2023-02-13,4,144,1,42.5,0,2,False
2023-02-13,4,249,1,26.0,0,2,False
2023-02-13,5,41,1,21.0,0,2,False
2023-02-13,5,82,1,18.5,0,2,False
2023-02-13,6,13,3,543.0,0,2,False
2023-02-13,6,66,2,269.0,0,2,False
2023-02-13,6,92,2,0.0,0,2,False
2023-02-13,6,93,1,-192.5,0,2,False
2023-02-13,6,239,1,137.0,0,2,False
2023-02-13,7,4,1,347.5,0,2,False
2023-02-13,7,57,1,119.5,0,2,False
2023-02-13,7,117,1,233.5,0,2,False
2023-02-13,7,247,1,268.5,0,2,False
2023-02-13,8,31,1,108.0,0,2,False
2023-02-13,8,65,1,254.0,0,2,False
2023-02-13,8,93,1,192.5,0,2,False
2023-02-13,8,170,1,262.5,0,2,False
2023-02-13,9,4,1,347.5,0,2,False
2023-02-13,9,14,1,146.0,0,2,False
2023-02-13,9,39,1,219.0,0,2,False
2023-02-13,9,66,1,134.5,0,2,False
2023-02-13,9,93,1,192.5,0,2,False
2023-02-13,9,212,3,849.0,0,2,False
2023-02-13,9,223,1,122.5,0,2,False
2023-02-13,10,4,1,347.5,0,2,False
2023-02-13,10,41,1,163.5,0,2,False
2023-02-13,10,56,1,117.0,0,2,False
2023-02-13,11,170,1,31.5,0,2,False
2023-02-13,12,5,1,15.75,0,2,False
2023-02-13,12,14,1,17.5,0,2,False
2023-02-13,12,39,1,26.25,0,2,False
2023-02-13,12,41,1,19.6,0,2,False
2023-02-13,12,196,1,17.5,0,2,False
2023-02-13,14,13,1,-21.7,0,2,False
2023-02-13,14,82,1,17.15,0,2,False
2023-02-13,17,4,1,31.5,0,2,False
2023-02-13,19,195,1,23.5,0,2,False
2023-02-13,20,197,1,19.5,0,2,False
2023-02-13,21,67,1,26.25,0,2,False
2023-02-13,21,144,1,39.55,0,2,False
2023-02-13,21,160,1,23.45,0,2,False
2023-02-13,21,161,1,23.8,0,2,False
2023-02-13,22,109,1,17.5,0,2,False
2023-02-13,23,56,1,14.0,0,2,False
2023-02-13,25,13,1,21.7,0,2,False
2023-02-13,26,13,1,21.7,0,2,False
2023-02-13,26,15,1,23.1,0,2,False
2023-02-13,26,56,1,14.0,0,2,False
2023-02-13,27,144,1,39.55,0,2,False
2023-02-13,28,187,1,23.8,0,2,False
2023-02-13,30,170,1,31.5,0,2,False
2023-02-13,30,195,1,31.15,0,2,False
2023-02-13,30,221,1,31.5,0,2,False
2023-02-13,31,5,1,15.75,0,2,False
2023-02-13,31,14,3,52.5,0,2,False
2023-02-13,31,67,1,-26.25,0,2,False
2023-02-13,31,186,1,-21.35,0,2,False
2023-02-13,31,187,1,23.8,0,2,False
2023-02-13,32,239,1,16.45,0,2,False
2023-02-13,34,197,1,25.9,0,2,False
2023-02-13,35,5,1,15.75,0,2,False
2023-02-13,35,195,1,31.15,0,2,False
2023-02-14,1,39,1,28.0,1,2,False
2023-02-14,1,83,3,78.0,1,2,False
2023-02-14,1,119,3,23.0,1,2,False
2023-02-14,1,222,2,37.0,1,2,False
2023-02-14,2,14,1,19.0,1,2,False
2023-02-14,2,40,1,16.0,1,2,False
2023-02-14,2,66,2,35.0,1,2,False
2023-02-14,2,93,1,25.0,1,2,False
2023-02-14,2,117,1,30.0,1,2,False
2023-02-14,2,135,1,28.5,1,2,False
2023-02-14,2,145,3,25.5,1,2,False
2023-02-14,2,195,2,67.0,1,2,False
2023-02-14,2,212,1,36.5,1,2,False
2023-02-14,2,222,2,37.0,1,2,False
2023-02-14,3,171,1,21.0,1,2,False
2023-02-14,4,145,1,25.5,1,2,False
2023-02-14,4,170,1,34.0,1,2,False
2023-02-14,4,213,1,27.0,1,2,False
2023-02-14,4,249,1,26.0,1,2,False
2023-02-14,5,14,1,19.0,1,2,False
2023-02-14,5,92,1,-13.0,1,2,False
2023-02-14,5,144,1,42.5,1,2,False
2023-02-14,5,160,1,25.0,1,2,False
2023-02-14,5,195,1,33.5,1,2,False
2023-02-14,6,238,1,236.5,1,2,False
2023-02-14,7,4,2,695.0,1,2,False
2023-02-14,7,247,1,268.5,1,2,False
2023-02-14,8,13,2,362.0,1,2,False
2023-02-14,8,15,1,192.5,1,2,False
2023-02-14,8,213,1,210.0,1,2,False
2023-02-14,9,40,1,122.5,1,2,False
2023-02-14,9,223,1,122.5,1,2,False
2023-02-14,10,65,2,508.0,1,2,False
2023-02-14,10,119,1,178.0,1,2,False
2023-02-14,11,14,1,17.5,1,2,False
2023-02-14,11,39,1,-26.25,1,2,False
2023-02-14,11,40,1,14.7,1,2,False
2023-02-14,11,134,1,31.85,1,2,False
2023-02-14,12,15,1,23.1,1,2,False
2023-02-14,12,66,1,16.1,1,2,False
2023-02-14,12,119,1,-21.35,1,2,False
2023-02-14,13,91,1,32.9,1,2,False
2023-02-14,13,213,1,-25.2,1,2,False
2023-02-14,14,223,1,14.7,1,2,False
2023-02-14,14,238,1,28.35,1,2,False
2023-02-14,16,30,3,55.5,1,2,False
2023-02-14,16,249,1,18.5,1,2,False
2023-02-14,17,31,1,10.0,1,2,False
2023-02-14,17,186,1,16.0,1,2,False
2023-02-14,20,91,1,25.0,1,2,False
2023-02-14,20,135,1,20.0,1,2,False
2023-02-14,20,161,1,18.0,1,2,False
2023-02-14,22,108,1,29.05,1,2,False
2023-02-14,22,221,1,31.5,1,2,False
2023-02-14,23,108,1,29.05,1,2,False
2023-02-14,23,145,1,23.8,1,2,False
2023-02-14,23,195,3,93.45,1,2,False
2023-02-14,23,196,1,17.5,1,2,False
2023-02-14,23,197,1,25.9,1,2,False
2023-02-14,26,57,1,14.35,1,2,False
2023-02-14,26,222,1,17.15,1,2,False
2023-02-14,27,30,1,24.15,1,2,False
2023-02-14,27,170,1,-31.5,1,2,False
2023-02-14,28,212,1,33.95,1,2,False
2023-02-14,31,40,1,14.7,1,2,False
2023-02-14,31,186,1,21.35,1,2,False
2023-02-14,32,213,1,25.2,1,2,False
2023-02-15,1,83,2,52.0,2,2,False
2023-02-15,2,65,2,65.0,2,2,False
2023-02-15,2,83,1,-26.0,2,2,False
2023-02-15,2,92,1,13.0,2,2,False
2023-02-15,2,93,1,25.0,2,2,False
2023-02-15,2,187,1,25.5,2,2,False
2023-02-15,2,213,1,27.0,2,2,False
2023-02-15,2,223,1,16.0,2,2,False
2023-02-15,4,82,1,18.5,2,2,False
2023-02-15,4,83,1,26.0,2,2,False
2023-02-15,4,117,1,30.0,2,2,False
2023-02-15,4,145,1,25.5,2,2,False
2023-02-15,4,247,1,-35.0,2,2,False
2023-02-15,5,92,1,13.0,2,2,False
2023-02-15,5,108,2,62.0,2,2,False
2023-02-15,5,134,1,34.0,2,2,False
2023-02-15,5,161,1,25.5,2,2,False
2023-02-15,5,196,1,19.0,2,2,False
2023-02-15,5,212,1,36.5,2,2,False
2023-02-15,6,187,1,198.5,2,2,False
2023-02-15,7,40,1,122.5,2,2,False
2023-02-15,8,14,1,146.0,2,2,False
2023-02-15,8,41,1,163.5,2,2,False
2023-02-15,8,66,1,134.5,2,2,False
2023-02-15,8,83,1,201.5,2,2,False
2023-02-15,8,212,1,283.0,2,2,False
2023-02-15,8,221,1,262.5,2,2,False
2023-02-15,8,222,1,143.0,2,2,False
2023-02-15,8,247,1,268.5,2,2,False
2023-02-15,9,14,1,146.0,2,2,False
2023-02-15,9,15,1,192.5,2,2,False
2023-02-15,9,39,1,219.0,2,2,False
2023-02-15,9,119,1,178.0,2,2,False
2023-02-15,9,169,1,321.0,2,2,False
2023-02-15,9,195,1,260.0,2,2,False
2023-02-15,9,196,1,-146.0,2,2,False
2023-02-15,9,248,1,102.0,2,2,False
2023-02-15,10,238,1,236.5,2,2,False
2023-02-15,11,15,1,23.1,2,2,False
2023-02-15,11,30,1,24.15,2,2,False
2023-02-15,11,82,1,17.15,2,2,False
2023-02-15,11,92,1,11.9,2,2,False
2023-02-15,11,119,1,21.35,2,2,False
2023-02-15,11,134,1,31.85,2,2,False
2023-02-15,11,195,1,31.15,2,2,False
2023-02-15,11,221,1,31.5,2,2,False
2023-02-15,13,31,1,12.95,2,2,False
2023-02-15,13,171,1,19.6,2,2,False
2023-02-15,14,30,1,24.15,2,2,False
2023-02-15,15,57,1,14.35,2,2,False
2023-02-15,15,67,1,26.25,2,2,False
2023-02-15,16,39,1,20.0,2,2,False
2023-02-15,16,41,1,15.0,2,2,False
2023-02-15,16,56,1,10.5,2,2,False
2023-02-15,16,66,1,12.0,2,2,False
2023-02-15,16,108,1,22.0,2,2,False
2023-02-15,16,169,3,88.5,2,2,False
2023-02-15,17,15,1,17.5,2,2,False
2023-02-15,17,91,1,25.0,2,2,False
2023-02-15,17,119,1,16.0,2,2,False
2023-02-15,18,169,1,29.5,2,2,False
2023-02-15,19,187,1,18.0,2,2,False
2023-02-15,19,247,1,24.5,2,2,False
2023-02-15,20,4,1,31.5,2,2,False
2023-02-15,20,31,1,10.0,2,2,False
2023-02-15,20,56,1,10.5,2,2,False
2023-02-15,21,5,1,15.75,2,2,False
2023-02-15,21,15,1,-23.1,2,2,False
2023-02-15,21,65,1,30.45,2,2,False
2023-02-15,21,93,1,23.1,2,2,False
2023-02-15,21,134,1,31.85,2,2,False
2023-02-15,22,13,1,21.7,2,2,False
2023-02-15,24,93,1,23.1,2,2,False
2023-02-15,26,91,1,32.9,2,2,False
2023-02-15,31,186,1,21.35,2,2,False
2023-02-15,31,223,1,14.7,2,2,False
2023-02-15,31,239,1,16.45,2,2,False
2023-02-16,1,161,1,25.5,3,2,False
2023-02-16,1,249,2,52.0,3,2,False
2023-02-16,2,4,1,44.5,3,2,False
2023-02-16,2,65,1,32.5,3,2,False
2023-02-16,2,92,1,13.0,3,2,False
2023-02-16,2,144,1,42.5,3,2,False
2023-02-16,2,170,1,34.0,3,2,False
2023-02-16,2,213,1,27.0,3,2,False
2023-02-16,3,109,1,19.0,3,2,False
2023-02-16,4,15,1,25.0,3,2,False
2023-02-16,4,40,1,16.0,3,2,False
2023-02-16,4,65,3,97.5,3,2,False
2023-02-16,4,119,1,23.0,3,2,False
2023-02-16,4,169,1,41.5,3,2,False
2023-02-16,5,83,1,26.0,3,2,False
2023-02-16,5,109,1,19.0,3,2,False
2023-02-16,5,160,1,25.0,3,2,False
2023-02-16,5,196,1,19.0,3,2,False
2023-02-16,5,221,1,34.0,3,2,False
2023-02-16,6,14,1,146.0,3,2,False
2023-02-16,6,186,1,178.0,3,2,False
2023-02-16,6,222,1,143.0,3,2,False
2023-02-16,6,239,1,-137.0,3,2,False
2023-02-16,6,247,1,268.5,3,2,False
2023-02-16,6,248,2,204.0,3,2,False
2023-02-16,7,65,1,254.0,3,2,False
2023-02-16,8,65,1,254.0,3,2,False
2023-02-16,8,118,1,327.0,3,2,False
2023-02-16,8,135,3,666.0,3,2,False
2023-02-16,8,169,1,321.0,3,2,False
2023-02-16,8,212,1,283.0,3,2,False
2023-02-16,8,247,1,268.5,3,2,False
2023-02-16,9,39,1,219.0,3,2,False
2023-02-16,9,41,2,0.0,3,2,False
2023-02-16,9,56,1,117.0,3,2,False
2023-02-16,9,65,1,254.0,3,2,False
2023-02-16,9,222,1,143.0,3,2,False
2023-02-16,9,249,1,201.5,3,2,False
2023-02-16,10,92,2,199.0,3,2,False
2023-02-16,11,195,1,31.15,3,2,False
2023-02-16,11,238,1,28.35,3,2,False
2023-02-16,12,56,1,14.0,3,2,False
2023-02-16,13,39,1,26.25,3,2,False
2023-02-16,14,15,1,23.1,3,2,False
2023-02-16,14,143,1,33.25,3,2,False
2023-02-16,14,213,2,50.4,3,2,False
2023-02-16,15,67,1,26.25,3,2,False
2023-02-16,15,222,1,17.15,3,2,False
2023-02-16,16,249,1,18.5,3,2,False
2023-02-16,17,169,1,29.5,3,2,False
2023-02-16,17,197,1,19.5,3,2,False
2023-02-16,19,197,1,19.5,3,2,False
2023-02-16,21,212,1,-33.95,3,2,False
2023-02-16,21,222,1,17.15,3,2,False
2023-02-16,22,67,1,26.25,3,2,False
2023-02-16,22,134,1,31.85,3,2,False
2023-02-16,26,91,1,-32.9,3,2,False
2023-02-16,26,247,1,32.2,3,2,False
2023-02-16,27,221,1,31.5,3,2,False
2023-02-16,30,169,1,38.5,3,2,False
2023-02-16,32,247,1,32.2,3,2,False
2023-02-16,34,14,1,17.5,3,2,False
2023-02-16,35,186,3,64.05,3,2,False
2023-02-17,1,39,1,28.0,4,2,False
2023-02-17,1,92,2,0.0,4,2,False
2023-02-17,1,118,1,42.0,4,2,False
2023-02-17,1,119,1,23.0,4,2,False
2023-02-17,2,13,1,23.5,4,2,False
2023-02-17,2,40,1,16.0,4,2,False
2023-02-17,2,93,1,25.0,4,2,False
2023-02-17,2,169,1,41.5,4,2,False
2023-02-17,2,170,1,34.0,4,2,False
2023-02-17,2,195,1,33.5,4,2,False
2023-02-17,2,212,1,36.5,4,2,False
2023-02-17,2,221,1,34.0,4,2,False
2023-02-17,2,222,1,18.5,4,2,False
2023-02-17,2,223,1,16.0,4,2,False
2023-02-17,2,249,1,26.0,4,2,False
2023-02-17,3,31,1,14.0,4,2,False
2023-02-17,3,145,1,25.5,4,2,False
2023-02-17,4,15,1,25.0,4,2,False
2023-02-17,4,39,1,-28.5,4,2,False
2023-02-17,4,40,1,16.0,4,2,False
2023-02-17,4,145,1,25.5,4,2,False
2023-02-17,5,5,1,17.0,4,2,False
2023-02-17,5,41,1,21.0,4,2,False
2023-02-17,5,65,1,32.5,4,2,False
2023-02-17,5,169,1,41.5,4,2,False
2023-02-17,6,15,1,192.5,4,2,False
2023-02-17,6,197,1,216.0,4,2,False
2023-02-17,7,196,1,146.0,4,2,False
2023-02-17,8,40,2,245.0,4,2,False
2023-02-17,8,83,1,201.5,4,2,False
2023-02-17,8,108,1,242.5,4,2,False
2023-02-17,8,109,1,146.0,4,2,False
2023-02-17,8,119,2,356.0,4,2,False
2023-02-17,8,170,1,262.5,4,2,False
2023-02-17,8,187,1,198.5,4,2,False
2023-02-17,8,195,1,260.0,4,2,False
2023-02-17,8,212,1,283.0,4,2,False
2023-02-17,8,221,1,-262.5,4,2,False
2023-02-17,9,5,1,131.5,4,2,False
2023-02-17,9,66,1,134.5,4,2,False
2023-02-17,9,145,1,198.5,4,2,False
2023-02-17,9,161,1,198.5,4,2,False
2023-02-17,9,196,1,146.0,4,2,False
2023-02-17,10,212,3,849.0,4,2,False
2023-02-17,11,109,1,17.5,4,2,False
2023-02-17,11,247,1,32.2,4,2,False
2023-02-17,12,40,1,14.7,4,2,False
2023-02-17,12,109,1,-17.5,4,2,False
2023-02-17,12,118,1,39.2,4,2,False
2023-02-17,14,5,2,0.0,4,2,False
2023-02-17,14,134,1,-31.85,4,2,False
2023-02-17,14,212,1,33.95,4,2,False
2023-02-17,15,197,1,25.9,4,2,False
2023-02-17,16,93,3,52.5,4,2,False
2023-02-17,16,135,1,20.0,4,2,False
2023-02-17,16,144,1,30.0,4,2,False
2023-02-17,16,171,1,15.0,4,2,False
2023-02-17,16,187,3,54.0,4,2,False
2023-02-17,16,249,1,-18.5,4,2,False
2023-02-17,19,14,1,13.5,4,2,False
2023-02-17,19,195,1,23.5,4,2,False
2023-02-17,19,196,1,13.5,4,2,False
2023-02-17,19,212,2,52.0,4,2,False
2023-02-17,20,161,1,18.0,4,2,False
2023-02-17,20,213,1,19.0,4,2,False
2023-02-17,21,66,1,16.1,4,2,False
2023-02-17,21,91,1,32.9,4,2,False
2023-02-17,21,92,1,11.9,4,2,False
2023-02-17,21,109,1,17.5,4,2,False
2023-02-17,22,135,1,26.6,4,2,False
2023-02-17,22,171,1,19.6,4,2,False
2023-02-17,24,108,1,29.05,4,2,False
2023-02-17,24,145,1,23.8,4,2,False
2023-02-17,24,238,1,28.35,4,2,False
2023-02-17,25,223,1,14.7,4,2,False
2023-02-17,26,135,1,26.6,4,2,False
2023-02-17,26,186,1,21.35,4,2,False
2023-02-17,27,213,1,25.2,4,2,False
2023-02-17,28,39,1,26.25,4,2,False
2023-02-17,28,213,1,25.2,4,2,False
2023-02-17,29,31,1,12.95,4,2,False
2023-02-17,29,82,1,17.15,4,2,False
2023-02-17,30,117,2,56.0,4,2,False
2023-02-17,30,118,1,39.2,4,2,False
2023-02-17,30,143,1,33.25,4,2,False
2023-02-17,31,197,3,25.9,4,2,False
2023-02-17,32,14,1,17.5,4,2,False
2023-02-17,33,41,1,19.6,4,2,False
2023-02-17,33,196,3,52.5,4,2,False
2023-02-18,1,30,1,26.0,5,2,True
2023-02-18,1,39,1,28.0,5,2,True
2023-02-18,1,67,1,28.0,5,2,True
2023-02-18,1,108,1,31.0,5,2,True
2023-02-18,1,109,1,19.0,5,2,True
2023-02-18,1,144,1,42.5,5,2,True
2023-02-18,1,169,1,41.5,5,2,True
2023-02-18,1,239,1,17.5,5,2,True
2023-02-18,1,248,1,13.0,5,2,True
2023-02-18,2,4,1,44.5,5,2,True
2023-02-18,2,14,1,19.0,5,2,True
2023-02-18,2,40,2,32.0,5,2,True
2023-02-18,2,41,1,21.0,5,2,True
2023-02-18,2,57,1,15.5,5,2,True
2023-02-18,2,65,1,32.5,5,2,True
2023-02-18,2,67,1,28.0,5,2,True
2023-02-18,2,91,1,35.5,5,2,True
2023-02-18,2,109,3,57.0,5,2,True
2023-02-18,2,118,4,168.0,5,2,True
2023-02-18,2,134,1,34.0,5,2,True
2023-02-18,2,143,1,35.5,5,2,True
2023-02-18,2,145,3,76.5,5,2,True
2023-02-18,2,160,2,50.0,5,2,True
2023-02-18,2,169,1,41.5,5,2,True
2023-02-18,2,222,1,18.5,5,2,True
2023-02-18,2,247,1,34.5,5,2,True
2023-02-18,3,30,1,26.0,5,2,True
2023-02-18,3,92,1,13.0,5,2,True
2023-02-18,3,118,1,42.0,5,2,True
2023-02-18,3,213,1,27.0,5,2,True
2023-02-18,4,39,1,28.0,5,2,True
2023-02-18,4,65,1,32.5,5,2,True
2023-02-18,4,109,3,57.0,5,2,True
2023-02-18,4,143,1,35.5,5,2,True
2023-02-18,4,171,1,21.0,5,2,True
2023-02-18,4,187,3,76.5,5,2,True
2023-02-18,4,195,1,33.5,5,2,True
2023-02-18,4,196,1,19.0,5,2,True
2023-02-18,5,93,2,0.0,5,2,True
2023-02-18,5,109,1,19.0,5,2,True
2023-02-18,5,212,1,36.5,5,2,True
2023-02-18,5,223,1,16.0,5,2,True
2023-02-18,5,239,1,17.5,5,2,True
2023-02-18,6,13,2,362.0,5,2,True
2023-02-18,6,66,1,134.5,5,2,True
2023-02-18,6,91,1,274.5,5,2,True
2023-02-18,6,134,1,265.5,5,2,True
2023-02-18,6,169,1,321.0,5,2,True
2023-02-18,7,195,1,260.0,5,2,True
2023-02-18,7,196,1,146.0,5,2,True
2023-02-18,8,13,1,181.0,5,2,True
2023-02-18,8,41,1,163.5,5,2,True
2023-02-18,8,67,1,219.0,5,2,True
2023-02-18,8,91,1,274.5,5,2,True
2023-02-18,8,161,1,198.5,5,2,True
2023-02-18,8,169,1,321.0,5,2,True
2023-02-18,8,171,2,327.0,5,2,True
2023-02-18,8,195,1,260.0,5,2,True
2023-02-18,8,222,1,143.0,5,2,True
2023-02-18,9,39,1,-219.0,5,2,True
2023-02-18,9,66,2,0.0,5,2,True
2023-02-18,9,82,1,143.0,5,2,True
2023-02-18,9,93,1,192.5,5,2,True
2023-02-18,9,135,1,222.0,5,2,True
2023-02-18,9,186,1,178.0,5,2,True
2023-02-18,9,212,1,283.0,5,2,True
2023-02-18,11,39,1,26.25,5,2,True
2023-02-18,11,40,1,14.7,5,2,True
2023-02-18,11,41,4,78.4,5,2,True
2023-02-18,11,143,1,33.25,5,2,True
2023-02-18,11,223,1,14.7,5,2,True
2023-02-18,11,239,2,32.9,5,2,True
2023-02-18,12,109,1,17.5,5,2,True
2023-02-18,12,161,1,23.8,5,2,True
2023-02-18,12,169,1,38.5,5,2,True
2023-02-18,12,248,1,12.25,5,2,True
2023-02-18,13,92,1,11.9,5,2,True
2023-02-18,14,13,1,21.7,5,2,True
2023-02-18,14,65,1,30.45,5,2,True
2023-02-18,14,83,1,24.15,5,2,True
2023-02-18,14,144,1,39.55,5,2,True
2023-02-18,14,195,1,31.15,5,2,True
2023-02-18,16,65,1,23.0,5,2,True
2023-02-18,16,82,1,13.0,5,2,True
2023-02-18,16,109,1,13.5,5,2,True
2023-02-18,16,135,1,20.0,5,2,True
2023-02-18,16,186,1,16.0,5,2,True
2023-02-18,17,91,1,25.0,5,2,True
2023-02-18,17,195,1,23.5,5,2,True
2023-02-18,18,65,1,23.0,5,2,True
2023-02-18,19,15,1,17.5,5,2,True
2023-02-18,19,186,1,16.0,5,2,True
2023-02-18,20,212,1,26.0,5,2,True
2023-02-18,21,92,1,11.9,5,2,True
2023-02-18,21,187,1,23.8,5,2,True
2023-02-18,21,197,2,51.8,5,2,True
2023-02-18,22,186,1,21.35,5,2,True
2023-02-18,22,239,1,16.45,5,2,True
2023-02-18,23,57,1,14.35,5,2,True
2023-02-18,24,196,1,17.5,5,2,True
2023-02-18,24,239,2,32.9,5,2,True
2023-02-18,25,30,1,24.15,5,2,True
2023-02-18,25,66,1,-16.1,5,2,True
2023-02-18,25,118,1,39.2,5,2,True
2023-02-18,25,170,1,31.5,5,2,True
2023-02-18,25,187,1,23.8,5,2,True
2023-02-18,27,170,1,31.5,5,2,True
2023-02-18,29,119,1,21.35,5,2,True
2023-02-18,29,169,3,115.5,5,2,True
2023-02-18,29,213,1,25.2,5,2,True
2023-02-18,30,117,1,28.0,5,2,True
2023-02-18,30,195,1,31.15,5,2,True
2023-02-18,31,222,1,17.15,5,2,True
2023-02-18,32,82,1,17.15,5,2,True
2023-02-18,32,108,1,29.05,5,2,True
2023-02-18,32,109,2,35.0,5,2,True
2023-02-18,32,134,1,31.85,5,2,True
2023-02-18,32,239,1,-16.45,5,2,True
2023-02-18,33,5,1,15.75,5,2,True
2023-02-18,33,91,1,32.9,5,2,True
2023-02-18,33,238,1,28.35,5,2,True
2023-02-19,1,4,1,44.5,6,2,True
2023-02-19,1,82,1,18.5,6,2,True
2023-02-19,1,109,1,19.0,6,2,True
2023-02-19,1,171,3,63.0,6,2,True
2023-02-19,1,196,1,19.0,6,2,True
2023-02-19,1,197,1,28.0,6,2,True
2023-02-19,1,222,1,18.5,6,2,True
2023-02-19,1,248,1,13.0,6,2,True
2023-02-19,1,249,1,26.0,6,2,True
2023-02-19,2,4,1,-44.5,6,2,True
2023-02-19,2,13,1,23.5,6,2,True
2023-02-19,2,14,1,19.0,6,2,True
2023-02-19,2,39,1,28.0,6,2,True
2023-02-19,2,41,2,42.0,6,2,True
2023-02-19,2,57,1,15.5,6,2,True
2023-02-19,2,83,1,26.0,6,2,True
2023-02-19,2,134,1,34.0,6,2,True
2023-02-19,2,160,1,25.0,6,2,True
2023-02-19,2,171,1,21.0,6,2,True
2023-02-19,2,195,1,33.5,6,2,True
2023-02-19,2,222,1,18.5,6,2,True
2023-02-19,2,223,1,-16.0,6,2,True
2023-02-19,3,119,1,23.0,6,2,True
2023-02-19,3,145,1,-25.5,6,2,True
2023-02-19,3,195,1,33.5,6,2,True
2023-02-19,4,39,1,28.0,6,2,True
2023-02-19,4,41,1,21.0,6,2,True
2023-02-19,4,91,1,35.5,6,2,True
2023-02-19,4,238,1,30.5,6,2,True
2023-02-19,4,249,1,26.0,6,2,True
2023-02-19,5,40,1,16.0,6,2,True
2023-02-19,5,41,1,21.0,6,2,True
2023-02-19,5,93,1,-25.0,6,2,True
2023-02-19,5,118,1,42.0,6,2,True
2023-02-19,5,119,1,23.0,6,2,True
2023-02-19,5,145,1,25.5,6,2,True
2023-02-19,5,248,1,13.0,6,2,True
2023-02-19,6,5,1,131.5,6,2,True
2023-02-19,6,13,1,-181.0,6,2,True
2023-02-19,6,15,1,192.5,6,2,True
2023-02-19,6,93,1,192.5,6,2,True
2023-02-19,6,109,1,146.0,6,2,True
2023-02-19,6,134,2,531.0,6,2,True
2023-02-19,6,169,4,1284.0,6,2,True
2023-02-19,7,57,1,119.5,6,2,True
2023-02-19,7,67,1,219.0,6,2,True
2023-02-19,7,213,1,210.0,6,2,True
2023-02-19,7,221,1,262.5,6,2,True
2023-02-19,8,119,1,178.0,6,2,True
2023-02-19,8,169,2,642.0,6,2,True
2023-02-19,8,170,3,787.5,6,2,True
2023-02-19,8,223,1,122.5,6,2,True
2023-02-19,9,4,1,347.5,6,2,True
2023-02-19,9,15,1,192.5,6,2,True
2023-02-19,9,40,1,122.5,6,2,True
2023-02-19,9,41,1,163.5,6,2,True
2023-02-19,9,117,2,467.0,6,2,True
2023-02-19,9,212,1,283.0,6,2,True
2023-02-19,10,108,1,242.5,6,2,True
2023-02-19,10,135,1,222.0,6,2,True
2023-02-19,10,143,1,277.5,6,2,True
2023-02-19,10,144,3,990.0,6,2,True
2023-02-19,10,247,1,268.5,6,2,True
2023-02-19,11,30,1,24.15,6,2,True
2023-02-19,11,56,1,14.0,6,2,True
2023-02-19,11,67,2,52.5,6,2,True
2023-02-19,11,108,3,87.15,6,2,True
2023-02-19,12,196,1,17.5,6,2,True
2023-02-19,12,239,1,16.45,6,2,True
2023-02-19,13,41,1,19.6,6,2,True
2023-02-19,13,143,1,33.25,6,2,True
2023-02-19,13,160,1,23.45,6,2,True
2023-02-19,13,161,1,23.8,6,2,True
2023-02-19,14,119,1,-21.35,6,2,True
2023-02-19,14,145,2,47.6,6,2,True
2023-02-19,14,161,1,23.8,6,2,True
2023-02-19,14,197,3,77.7,6,2,True
2023-02-19,15,91,1,32.9,6,2,True
2023-02-19,15,143,1,-33.25,6,2,True
2023-02-19,16,41,1,15.0,6,2,True
2023-02-19,16,144,1,30.0,6,2,True
2023-02-19,16,247,1,24.5,6,2,True
2023-02-19,16,248,1,9.5,6,2,True
2023-02-19,17,66,1,12.0,6,2,True
2023-02-19,17,82,1,13.0,6,2,True
2023-02-19,17,161,1,18.0,6,2,True
2023-02-19,18,82,1,13.0,6,2,True
2023-02-19,18,93,1,17.5,6,2,True
2023-02-19,18,160,1,18.0,6,2,True
2023-02-19,18,195,1,23.5,6,2,True
2023-02-19,19,134,1,24.0,6,2,True
2023-02-19,19,160,1,18.0,6,2,True
2023-02-19,20,13,1,16.5,6,2,True
2023-02-19,20,65,1,23.0,6,2,True
2023-02-19,20,118,1,30.0,6,2,True
2023-02-19,20,145,1,18.0,6,2,True
2023-02-19,20,238,1,21.5,6,2,True
2023-02-19,21,14,1,17.5,6,2,True
2023-02-19,21,145,1,23.8,6,2,True
2023-02-19,21,222,1,17.15,6,2,True
2023-02-19,23,41,1,19.6,6,2,True
2023-02-19,23,196,1,17.5,6,2,True
2023-02-19,25,14,1,17.5,6,2,True
2023-02-19,26,119,1,21.35,6,2,True
2023-02-19,26,134,1,31.85,6,2,True
2023-02-19,26,170,1,31.5,6,2,True
2023-02-19,27,196,1,17.5,6,2,True
2023-02-19,29,169,3,-115.5,6,2,True
2023-02-19,30,249,1,24.15,6,2,True
2023-02-19,31,14,1,17.5,6,2,True
2023-02-19,31,83,2,48.3,6,2,True
2023-02-19,31,186,1,21.35,6,2,True
2023-02-19,32,134,1,31.85,6,2,True
2023-02-19,33,15,1,23.1,6,2,True
2023-02-19,34,239,1,16.45,6,2,True
2023-02-19,35,4,1,41.65,6,2,True
2023-02-19,35,247,1,32.2,6,2,True
2023-02-20,1,13,1,23.5,0,2,False
2023-02-20,1,14,1,19.0,0,2,False
2023-02-20,1,31,2,28.0,0,2,False
2023-02-20,1,66,3,52.5,0,2,False
2023-02-20,1,119,1,23.0,0,2,False
2023-02-20,1,135,1,28.5,0,2,False
2023-02-20,1,169,2,83.0,0,2,False
2023-02-20,1,170,1,34.0,0,2,False
2023-02-20,1,223,1,16.0,0,2,False
2023-02-20,1,238,1,30.5,0,2,False
2023-02-20,1,248,1,13.0,0,2,False
2023-02-20,2,4,1,44.5,0,2,False
2023-02-20,2,13,3,70.5,0,2,False
2023-02-20,2,14,1,19.0,0,2,False
2023-02-20,2,15,1,25.0,0,2,False
2023-02-20,2,41,1,21.0,0,2,False
2023-02-20,2,57,1,15.5,0,2,False
2023-02-20,2,67,1,28.0,0,2,False
2023-02-20,2,83,1,26.0,0,2,False
2023-02-20,2,119,1,23.0,0,2,False
2023-02-20,2,135,1,28.5,0,2,False
2023-02-20,2,160,2,50.0,0,2,False
2023-02-20,2,171,1,21.0,0,2,False
2023-02-20,2,221,4,68.0,0,2,False
2023-02-20,2,248,1,13.0,0,2,False
2023-02-20,3,92,3,39.0,0,2,False
2023-02-20,3,117,1,30.0,0,2,False
2023-02-20,3,169,2,83.0,0,2,False
2023-02-20,3,186,1,23.0,0,2,False
2023-02-20,3,223,1,16.0,0,2,False
2023-02-20,4,4,1,44.5,0,2,False
2023-02-20,4,39,1,28.0,0,2,False
2023-02-20,4,83,1,26.0,0,2,False
2023-02-20,4,135,1,28.5,0,2,False
2023-02-20,4,144,1,42.5,0,2,False
2023-02-20,4,171,1,21.0,0,2,False
2023-02-20,4,197,1,28.0,0,2,False
2023-02-20,4,221,1,34.0,0,2,False
2023-02-20,4,222,1,18.5,0,2,False
2023-02-20,5,14,1,19.0,0,2,False
2023-02-20,5,65,1,32.5,0,2,False
2023-02-20,5,145,1,25.5,0,2,False
2023-02-20,5,196,1,-19.0,0,2,False
2023-02-20,5,222,1,18.5,0,2,False
2023-02-20,5,238,1,30.5,0,2,False
2023-02-20,6,41,1,163.5,0,2,False
2023-02-20,6,145,2,397.0,0,2,False
2023-02-20,6,169,1,321.0,0,2,False
2023-02-20,7,41,1,163.5,0,2,False
2023-02-20,7,223,1,122.5,0,2,False
2023-02-20,8,4,1,347.5,0,2,False
2023-02-20,8,40,1,122.5,0,2,False
2023-02-20,8,212,1,283.0,0,2,False
2023-02-20,8,248,1,102.0,0,2,False
2023-02-20,9,5,2,263.0,0,2,False
2023-02-20,9,212,1,283.0,0,2,False
2023-02-20,10,65,1,254.0,0,2,False
2023-02-20,10,161,1,198.5,0,2,False
2023-02-20,11,119,1,21.35,0,2,False
2023-02-20,11,249,1,24.15,0,2,False
2023-02-20,12,31,1,12.95,0,2,False
2023-02-20,14,223,1,-14.7,0,2,False
2023-02-20,16,41,1,15.0,0,2,False
2023-02-20,16,222,1,13.0,0,2,False
2023-02-20,17,82,1,13.0,0,2,False
2023-02-20,17,144,1,30.0,0,2,False
2023-02-20,17,145,1,18.0,0,2,False
2023-02-20,17,171,1,15.0,0,2,False
2023-02-20,17,187,1,18.0,0,2,False
2023-02-20,19,83,1,18.5,0,2,False
2023-02-20,20,30,1,18.5,0,2,False
2023-02-20,21,134,1,31.85,0,2,False
2023-02-20,25,145,1,23.8,0,2,False
2023-02-20,26,93,1,23.1,0,2,False
2023-02-20,26,186,1,21.35,0,2,False
2023-02-20,28,13,1,21.7,0,2,False
2023-02-20,30,82,1,17.15,0,2,False
2023-02-20,31,118,1,39.2,0,2,False
2023-02-20,31,239,1,16.45,0,2,False
2023-02-20,34,4,1,-41.65,0,2,False
2023-02-20,35,239,1,16.45,0,2,False
2023-02-21,1,57,2,31.0,1,2,False
2023-02-21,1,67,1,28.0,1,2,False
2023-02-21,1,82,1,18.5,1,2,False
2023-02-21,1,83,1,26.0,1,2,False
2023-02-21,1,169,1,41.5,1,2,False
2023-02-21,1,171,1,21.0,1,2,False
2023-02-21,2,65,1,32.5,1,2,False
2023-02-21,2,145,1,25.5,1,2,False
2023-02-21,2,195,1,33.5,1,2,False
2023-02-21,2,223,1,16.0,1,2,False
2023-02-21,3,83,1,26.0,1,2,False
2023-02-21,3,161,1,25.5,1,2,False
2023-02-21,4,66,1,17.5,1,2,False
2023-02-21,4,117,1,30.0,1,2,False
2023-02-21,4,161,1,25.5,1,2,False
2023-02-21,5,135,1,28.5,1,2,False
2023-02-21,5,222,1,18.5,1,2,False
2023-02-21,5,239,1,-17.5,1,2,False
2023-02-21,6,30,1,201.5,1,2,False
2023-02-21,6,56,1,117.0,1,2,False
2023-02-21,6,91,1,274.5,1,2,False
2023-02-21,6,109,3,438.0,1,2,False
2023-02-21,6,238,1,236.5,1,2,False
2023-02-21,7,161,1,198.5,1,2,False
2023-02-21,7,221,1,262.5,1,2,False
2023-02-21,8,4,1,347.5,1,2,False
2023-02-21,8,5,1,131.5,1,2,False
2023-02-21,8,213,1,210.0,1,2,False
2023-02-21,8,249,1,201.5,1,2,False
2023-02-21,9,14,1,146.0,1,2,False
2023-02-21,9,15,1,192.5,1,2,False
2023-02-21,9,57,1,119.5,1,2,False
2023-02-21,9,91,1,274.5,1,2,False
2023-02-21,9,92,1,99.5,1,2,False
2023-02-21,9,170,1,262.5,1,2,False
2023-02-21,9,186,3,534.0,1,2,False
2023-02-21,9,195,1,260.0,1,2,False
2023-02-21,9,223,1,122.5,1,2,False
2023-02-21,9,239,1,137.0,1,2,False
2023-02-21,9,248,3,306.0,1,2,False
2023-02-21,10,67,1,219.0,1,2,False
2023-02-21,10,92,1,99.5,1,2,False
2023-02-21,10,119,1,178.0,1,2,False
2023-02-21,10,160,1,195.5,1,2,False
2023-02-21,11,222,1,17.15,1,2,False
2023-02-21,12,144,1,39.55,1,2,False
2023-02-21,13,238,1,28.35,1,2,False
2023-02-21,14,13,1,21.7,1,2,False
2023-02-21,15,169,3,115.5,1,2,False
2023-02-21,15,221,1,31.5,1,2,False
2023-02-21,16,145,1,18.0,1,2,False
2023-02-21,16,247,1,24.5,1,2,False
2023-02-21,17,82,1,13.0,1,2,False
2023-02-21,17,195,2,47.0,1,2,False
2023-02-21,19,169,1,29.5,1,2,False
2023-02-21,21,118,1,39.2,1,2,False
2023-02-21,21,145,1,23.8,1,2,False
2023-02-21,24,39,1,26.25,1,2,False
2023-02-21,25,39,2,52.5,1,2,False
2023-02-21,25,66,1,-16.1,1,2,False
2023-02-21,25,119,1,21.35,1,2,False
2023-02-21,26,91,1,32.9,1,2,False
2023-02-21,27,119,1,21.35,1,2,False
2023-02-21,31,31,1,12.95,1,2,False
2023-02-21,31,108,1,29.05,1,2,False
2023-02-21,34,31,1,12.95,1,2,False
2023-02-22,1,5,1,17.0,2,2,False
2023-02-22,1,30,1,26.0,2,2,False
2023-02-22,1,41,1,21.0,2,2,False
2023-02-22,1,92,1,13.0,2,2,False
2023-02-22,1,93,1,25.0,2,2,False
2023-02-22,1,108,1,31.0,2,2,False
2023-02-22,1,195,1,33.5,2,2,False
2023-02-22,2,13,1,23.5,2,2,False
2023-02-22,2,40,1,-16.0,2,2,False
2023-02-22,2,91,1,35.5,2,2,False
2023-02-22,2,144,1,42.5,2,2,False
2023-02-22,2,195,1,33.5,2,2,False
2023-02-22,2,247,1,-34.5,2,2,False
2023-02-22,3,14,1,19.0,2,2,False
2023-02-22,3,40,1,16.0,2,2,False
2023-02-22,4,197,1,28.0,2,2,False
2023-02-22,5,41,1,21.0,2,2,False
2023-02-22,5,108,1,-31.0,2,2,False
2023-02-22,5,143,1,35.5,2,2,False
2023-02-22,5,144,1,42.5,2,2,False
2023-02-22,5,171,1,21.0,2,2,False
2023-02-22,5,221,2,68.0,2,2,False
2023-02-22,6,65,1,254.0,2,2,False
2023-02-22,6,82,2,286.0,2,2,False
2023-02-22,6,83,1,201.5,2,2,False
2023-02-22,6,197,1,216.0,2,2,False
2023-02-22,7,223,1,122.5,2,2,False
2023-02-22,8,67,1,219.0,2,2,False
2023-02-22,8,108,1,242.5,2,2,False
2023-02-22,8,109,1,146.0,2,2,False
2023-02-22,8,144,1,330.0,2,2,False
2023-02-22,8,222,1,143.0,2,2,False
2023-02-22,8,223,1,122.5,2,2,False
2023-02-22,9,41,1,-163.5,2,2,False
2023-02-22,9,108,1,242.5,2,2,False
2023-02-22,9,170,3,787.5,2,2,False
2023-02-22,9,212,1,-283.0,2,2,False
2023-02-22,9,213,1,210.0,2,2,False
2023-02-22,9,238,3,709.5,2,2,False
2023-02-22,10,13,1,181.0,2,2,False
2023-02-22,10,93,1,192.5,2,2,False
2023-02-22,10,186,1,178.0,2,2,False
2023-02-22,10,223,1,122.5,2,2,False
2023-02-22,11,15,1,23.1,2,2,False
2023-02-22,11,135,1,26.6,2,2,False
2023-02-22,11,197,1,25.9,2,2,False
2023-02-22,11,247,2,64.4,2,2,False
2023-02-22,12,15,1,-23.1,2,2,False
2023-02-22,12,109,1,17.5,2,2,False
2023-02-22,12,186,1,21.35,2,2,False
2023-02-22,13,15,1,23.1,2,2,False
2023-02-22,13,144,1,39.55,2,2,False
2023-02-22,13,222,1,17.15,2,2,False
2023-02-22,14,117,1,28.0,2,2,False
2023-02-22,14,196,2,35.0,2,2,False
2023-02-22,15,13,1,21.7,2,2,False
2023-02-22,16,4,1,31.5,2,2,False
2023-02-22,16,31,1,10.0,2,2,False
2023-02-22,16,171,1,15.0,2,2,False
2023-02-22,16,239,1,12.5,2,2,False
2023-02-22,19,144,1,30.0,2,2,False
2023-02-22,19,213,1,19.0,2,2,False
2023-02-22,19,239,1,12.5,2,2,False
2023-02-22,21,135,1,26.6,2,2,False
2023-02-22,22,82,1,17.15,2,2,False
2023-02-22,22,135,1,26.6,2,2,False
2023-02-22,24,30,1,24.15,2,2,False
2023-02-22,25,93,1,23.1,2,2,False
2023-02-22,26,117,1,28.0,2,2,False
2023-02-22,26,238,1,28.35,2,2,False
2023-02-22,30,135,1,26.6,2,2,False
2023-02-22,30,195,1,31.15,2,2,False
2023-02-22,31,4,1,41.65,2,2,False
2023-02-22,31,65,1,30.45,2,2,False
2023-02-22,35,93,1,23.1,2,2,False
2023-02-22,35,171,1,19.6,2,2,False
2023-02-23,1,170,1,34.0,3,2,False
2023-02-23,1,248,1,13.0,3,2,False
2023-02-23,2,4,1,44.5,3,2,False
2023-02-23,2,118,1,42.0,3,2,False
2023-02-23,2,119,1,-23.0,3,2,False
2023-02-23,2,238,1,30.5,3,2,False
2023-02-23,3,93,1,25.0,3,2,False
2023-02-23,3,160,2,50.0,3,2,False
2023-02-23,3,212,1,36.5,3,2,False
2023-02-23,3,249,1,26.0,3,2,False
2023-02-23,4,30,1,26.0,3,2,False
2023-02-23,4,40,1,16.0,3,2,False
2023-02-23,4,118,1,42.0,3,2,False
2023-02-23,5,4,1,44.5,3,2,False
2023-02-23,5,14,1,19.0,3,2,False
2023-02-23,5,144,1,42.5,3,2,False
2023-02-23,5,222,1,18.5,3,2,False
2023-02-23,6,66,1,134.5,3,2,False
2023-02-23,6,239,1,137.0,3,2,False
2023-02-23,6,248,1,102.0,3,2,False
2023-02-23,8,14,1,146.0,3,2,False
2023-02-23,8,15,1,192.5,3,2,False
2023-02-23,8,109,1,146.0,3,2,False
2023-02-23,8,119,1,178.0,3,2,False
2023-02-23,8,249,1,201.5,3,2,False
2023-02-23,9,31,1,108.0,3,2,False
2023-02-23,9,57,1,119.5,3,2,False
2023-02-23,9,135,1,222.0,3,2,False
2023-02-23,9,161,1,198.5,3,2,False
2023-02-23,9,169,1,321.0,3,2,False
2023-02-23,10,119,1,178.0,3,2,False
2023-02-23,10,222,1,143.0,3,2,False
2023-02-23,11,31,1,12.95,3,2,False
2023-02-23,12,82,1,17.15,3,2,False
2023-02-23,12,135,3,79.8,3,2,False
2023-02-23,13,4,1,41.65,3,2,False
2023-02-23,13,135,1,26.6,3,2,False
2023-02-23,15,39,1,-26.25,3,2,False
2023-02-23,15,66,1,16.1,3,2,False
2023-02-23,15,145,1,23.8,3,2,False
2023-02-23,15,186,1,21.35,3,2,False
2023-02-23,15,196,1,-17.5,3,2,False
2023-02-23,16,108,1,22.0,3,2,False
2023-02-23,16,161,1,18.0,3,2,False
2023-02-23,16,170,1,24.0,3,2,False
2023-02-23,16,248,1,-9.5,3,2,False
2023-02-23,17,144,1,30.0,3,2,False
2023-02-23,17,161,1,18.0,3,2,False
2023-02-23,17,222,1,13.0,3,2,False
2023-02-23,19,145,1,18.0,3,2,False
2023-02-23,19,239,1,-12.5,3,2,False
2023-02-23,19,247,1,24.5,3,2,False
2023-02-23,20,39,1,20.0,3,2,False
2023-02-23,20,82,1,-13.0,3,2,False
2023-02-23,23,144,1,-39.55,3,2,False
2023-02-23,24,14,1,17.5,3,2,False
2023-02-23,25,82,1,-17.15,3,2,False
2023-02-23,26,56,1,14.0,3,2,False
2023-02-23,26,187,1,23.8,3,2,False
2023-02-23,27,91,1,32.9,3,2,False
2023-02-23,29,247,1,-32.2,3,2,False
2023-02-23,30,5,1,15.75,3,2,False
2023-02-23,30,145,1,-23.8,3,2,False
2023-02-23,31,248,1,12.25,3,2,False
2023-02-23,32,83,1,24.15,3,2,False
2023-02-23,33,134,3,95.55,3,2,False
2023-02-24,1,13,1,23.5,4,2,False
2023-02-24,1,143,1,35.5,4,2,False
2023-02-24,1,145,1,25.5,4,2,False
2023-02-24,1,197,1,28.0,4,2,False
2023-02-24,2,13,1,23.5,4,2,False
2023-02-24,2,14,1,19.0,4,2,False
2023-02-24,2,171,1,21.0,4,2,False
2023-02-24,2,186,1,23.0,4,2,False
2023-02-24,2,212,1,36.5,4,2,False
2023-02-24,2,221,1,34.0,4,2,False
2023-02-24,3,15,3,75.0,4,2,False
2023-02-24,3,195,1,33.5,4,2,False
2023-02-24,3,249,1,26.0,4,2,False
2023-02-24,5,31,1,14.0,4,2,False
2023-02-24,5,40,1,16.0,4,2,False
2023-02-24,5,41,1,-21.0,4,2,False
2023-02-24,6,92,1,99.5,4,2,False
2023-02-24,6,119,1,178.0,4,2,False
2023-02-24,6,134,1,265.5,4,2,False
2023-02-24,6,239,1,137.0,4,2,False
2023-02-24,7,93,1,192.5,4,2,False
2023-02-24,7,171,1,163.5,4,2,False
2023-02-24,7,186,1,178.0,4,2,False
2023-02-24,8,13,2,362.0,4,2,False
2023-02-24,8,30,2,0.0,4,2,False
2023-02-24,8,31,1,-108.0,4,2,False
2023-02-24,8,65,1,254.0,4,2,False
2023-02-24,8,82,2,286.0,4,2,False
2023-02-24,8,91,3,823.5,4,2,False
2023-02-24,8,92,1,99.5,4,2,False
2023-02-24,8,109,1,146.0,4,2,False
2023-02-24,8,117,1,233.5,4,2,False
2023-02-24,8,134,1,265.5,4,2,False
2023-02-24,8,222,1,143.0,4,2,False
2023-02-24,8,239,1,137.0,4,2,False
2023-02-24,9,5,1,131.5,4,2,False
2023-02-24,9,40,1,122.5,4,2,False
2023-02-24,9,65,1,254.0,4,2,False
2023-02-24,9,93,3,577.5,4,2,False
2023-02-24,9,108,1,242.5,4,2,False
2023-02-24,9,117,1,233.5,4,2,False
2023-02-24,9,171,1,163.5,4,2,False
2023-02-24,9,239,1,137.0,4,2,False
2023-02-24,10,161,1,198.5,4,2,False
2023-02-24,10,171,1,163.5,4,2,False
2023-02-24,11,118,1,39.2,4,2,False
2023-02-24,11,143,1,33.25,4,2,False
2023-02-24,11,171,1,-19.6,4,2,False
2023-02-24,11,195,1,31.15,4,2,False
2023-02-24,13,31,1,12.95,4,2,False
2023-02-24,13,40,1,14.7,4,2,False
2023-02-24,13,83,1,24.15,4,2,False
2023-02-24,13,221,1,31.5,4,2,False
2023-02-24,13,249,1,24.15,4,2,False
2023-02-24,14,14,1,17.5,4,2,False
2023-02-24,14,187,1,23.8,4,2,False
2023-02-24,14,197,1,25.9,4,2,False
2023-02-24,14,249,1,24.15,4,2,False
2023-02-24,15,119,1,21.35,4,2,False
2023-02-24,16,5,1,12.0,4,2,False
2023-02-24,16,57,1,11.0,4,2,False
2023-02-24,16,160,1,18.0,4,2,False
2023-02-24,16,170,1,24.0,4,2,False
2023-02-24,17,169,1,29.5,4,2,False
2023-02-24,21,31,1,12.95,4,2,False
2023-02-24,21,82,1,17.15,4,2,False
2023-02-24,21,117,1,28.0,4,2,False
2023-02-24,22,222,1,17.15,4,2,False
2023-02-24,23,67,1,26.25,4,2,False
2023-02-24,23,195,1,31.15,4,2,False
2023-02-24,24,14,1,17.5,4,2,False
2023-02-24,24,161,1,23.8,4,2,False
2023-02-24,24,223,1,14.7,4,2,False
2023-02-24,25,119,1,21.35,4,2,False
2023-02-24,25,239,1,16.45,4,2,False
2023-02-24,26,92,1,11.9,4,2,False
2023-02-24,28,15,1,23.1,4,2,False
2023-02-24,28,222,1,17.15,4,2,False
2023-02-24,29,5,2,31.5,4,2,False
2023-02-24,29,108,1,29.05,4,2,False
2023-02-24,30,134,1,31.85,4,2,False
2023-02-24,31,13,2,43.4,4,2,False
2023-02-24,31,65,2,0.0,4,2,False
2023-02-24,31,67,2,52.5,4,2,False
2023-02-24,31,109,1,17.5,4,2,False
2023-02-24,33,56,1,14.0,4,2,False
2023-02-25,1,13,1,23.5,5,2,True
2023-02-25,1,91,1,35.5,5,2,True
2023-02-25,1,92,1,13.0,5,2,True
2023-02-25,1,109,1,19.0,5,2,True
2023-02-25,1,170,1,34.0,5,2,True
2023-02-25,2,56,1,15.0,5,2,True
2023-02-25,2,66,1,17.5,5,2,True
2023-02-25,2,93,2,50.0,5,2,True
2023-02-25,2,117,1,30.0,5,2,True
2023-02-25,2,134,1,-34.0,5,2,True
2023-02-25,2,160,1,25.0,5,2,True
2023-02-25,2,169,1,41.5,5,2,True
2023-02-25,2,196,1,19.0,5,2,True
2023-02-25,2,222,3,55.5,5,2,True
2023-02-25,2,223,1,16.0,5,2,True
2023-02-25,3,135,1,-28.5,5,2,True
2023-02-25,3,169,2,83.0,5,2,True
2023-02-25,4,5,1,17.0,5,2,True
2023-02-25,4,41,1,21.0,5,2,True
2023-02-25,4,67,1,28.0,5,2,True
2023-02-25,4,91,1,35.5,5,2,True
2023-02-25,4,145,1,25.5,5,2,True
2023-02-25,4,160,1,25.0,5,2,True
2023-02-25,4,187,1,25.5,5,2,True
2023-02-25,4,239,1,17.5,5,2,True
2023-02-25,4,247,1,34.5,5,2,True
2023-02-25,5,91,1,35.5,5,2,True
2023-02-25,5,109,1,19.0,5,2,True
2023-02-25,5,223,1,16.0,5,2,True
2023-02-25,5,238,1,30.5,5,2,True
2023-02-25,5,249,1,26.0,5,2,True
2023-02-25,6,13,1,181.0,5,2,True
2023-02-25,6,15,1,192.5,5,2,True
2023-02-25,6,31,1,108.0,5,2,True
2023-02-25,6,82,1,143.0,5,2,True
2023-02-25,6,83,1,201.5,5,2,True
2023-02-25,6,91,1,274.5,5,2,True
2023-02-25,6,135,1,222.0,5,2,True
2023-02-25,6,144,1,330.0,5,2,True
2023-02-25,6,161,1,198.5,5,2,True
2023-02-25,7,91,1,274.5,5,2,True
2023-02-25,7,92,1,99.5,5,2,True
2023-02-25,7,187,1,198.5,5,2,True
2023-02-25,7,196,1,146.0,5,2,True
2023-02-25,8,4,1,347.5,5,2,True
2023-02-25,8,30,1,201.5,5,2,True
2023-02-25,8,31,1,108.0,5,2,True
2023-02-25,8,65,1,254.0,5,2,True
2023-02-25,8,66,1,134.5,5,2,True
2023-02-25,8,144,1,330.0,5,2,True
2023-02-25,8,169,2,0.0,5,2,True
2023-02-25,8,170,4,1050.0,5,2,True
2023-02-25,8,197,1,216.0,5,2,True
2023-02-25,8,247,1,268.5,5,2,True
2023-02-25,9,39,1,219.0,5,2,True
2023-02-25,9,57,1,119.5,5,2,True
2023-02-25,9,92,1,99.5,5,2,True
2023-02-25,9,93,1,192.5,5,2,True
2023-02-25,9,135,1,222.0,5,2,True
2023-02-25,9,213,1,210.0,5,2,True
2023-02-25,9,247,1,268.5,5,2,True
2023-02-25,10,5,1,131.5,5,2,True
2023-02-25,10,41,1,163.5,5,2,True
2023-02-25,10,223,1,122.5,5,2,True
2023-02-25,11,39,1,26.25,5,2,True
2023-02-25,11,119,1,21.35,5,2,True
2023-02-25,11,187,3,71.4,5,2,True
2023-02-25,12,15,1,23.1,5,2,True
2023-02-25,12,41,1,19.6,5,2,True
2023-02-25,12,65,1,30.45,5,2,True
2023-02-25,12,212,1,33.95,5,2,True
2023-02-25,13,4,1,-41.65,5,2,True
2023-02-25,14,109,2,35.0,5,2,True
2023-02-25,14,222,1,17.15,5,2,True
2023-02-25,15,15,1,23.1,5,2,True
2023-02-25,16,15,2,35.0,5,2,True
2023-02-25,16,56,1,10.5,5,2,True
2023-02-25,16,83,1,18.5,5,2,True
2023-02-25,16,171,1,15.0,5,2,True
2023-02-25,17,14,1,13.5,5,2,True
2023-02-25,17,57,1,11.0,5,2,True
2023-02-25,17,187,1,18.0,5,2,True
2023-02-25,18,40,1,11.0,5,2,True
2023-02-25,19,13,1,16.5,5,2,True
2023-02-25,19,65,1,23.0,5,2,True
2023-02-25,19,195,1,23.5,5,2,True
2023-02-25,19,196,1,13.5,5,2,True
2023-02-25,19,248,1,9.5,5,2,True
2023-02-25,20,108,1,22.0,5,2,True
2023-02-25,20,197,1,19.5,5,2,True
2023-02-25,20,239,1,12.5,5,2,True
2023-02-25,21,91,1,32.9,5,2,True
2023-02-25,21,249,1,24.15,5,2,True
2023-02-25,22,118,1,39.2,5,2,True
2023-02-25,22,186,1,21.35,5,2,True
2023-02-25,22,196,1,17.5,5,2,True
2023-02-25,23,83,1,24.15,5,2,True
2023-02-25,23,186,1,21.35,5,2,True
2023-02-25,24,41,1,19.6,5,2,True
2023-02-25,24,212,1,33.95,5,2,True
2023-02-25,24,249,1,24.15,5,2,True
2023-02-25,25,15,1,23.1,5,2,True
2023-02-25,25,134,1,31.85,5,2,True
2023-02-25,25,169,1,-38.5,5,2,True
2023-02-25,25,171,1,19.6,5,2,True
2023-02-25,26,65,1,30.45,5,2,True
2023-02-25,26,170,1,31.5,5,2,True
2023-02-25,27,249,1,24.15,5,2,True
2023-02-25,28,92,1,11.9,5,2,True
2023-02-25,29,118,1,39.2,5,2,True
2023-02-25,29,160,1,23.45,5,2,True
2023-02-25,29,212,1,33.95,5,2,True
2023-02-25,30,31,1,12.95,5,2,True
2023-02-25,30,143,1,33.25,5,2,True
2023-02-25,30,160,1,23.45,5,2,True
2023-02-25,30,195,1,-31.15,5,2,True
2023-02-25,31,5,2,31.5,5,2,True
2023-02-25,31,56,1,14.0,5,2,True
2023-02-25,31,118,1,39.2,5,2,True
2023-02-25,31,135,2,53.2,5,2,True
2023-02-25,31,161,1,23.8,5,2,True
2023-02-25,31,187,1,23.8,5,2,True
2023-02-25,31,223,1,14.7,5,2,True
2023-02-25,32,66,1,16.1,5,2,True
2023-02-25,33,109,1,17.5,5,2,True
2023-02-25,34,57,1,14.35,5,2,True
2023-02-25,35,83,1,24.15,5,2,True
2023-02-26,1,39,2,56.0,6,2,True
2023-02-26,1,119,1,-23.0,6,2,True
2023-02-26,1,186,1,23.0,6,2,True
2023-02-26,1,187,1,25.5,6,2,True
2023-02-26,1,197,2,0.0,6,2,True
2023-02-26,1,247,1,34.5,6,2,True
2023-02-26,1,248,1,13.0,6,2,True
2023-02-26,2,13,1,-23.5,6,2,True
2023-02-26,2,14,2,38.0,6,2,True
2023-02-26,2,30,1,26.0,6,2,True
2023-02-26,2,31,4,56.0,6,2,True
2023-02-26,2,39,1,28.0,6,2,True
2023-02-26,2,56,1,15.0,6,2,True
2023-02-26,2,82,1,18.5,6,2,True
2023-02-26,2,92,1,13.0,6,2,True
2023-02-26,2,93,1,25.0,6,2,True
2023-02-26,2,118,1,42.0,6,2,True
2023-02-26,2,144,1,42.5,6,2,True
2023-02-26,2,169,2,83.0,6,2,True
2023-02-26,2,196,1,19.0,6,2,True
2023-02-26,2,221,1,34.0,6,2,True
2023-02-26,3,186,3,69.0,6,2,True
2023-02-26,3,222,1,-18.5,6,2,True
2023-02-26,3,248,1,13.0,6,2,True
2023-02-26,4,13,2,47.0,6,2,True
2023-02-26,4,15,1,25.0,6,2,True
2023-02-26,4,30,1,26.0,6,2,True
2023-02-26,4,39,2,56.0,6,2,True
2023-02-26,4,66,1,17.5,6,2,True
2023-02-26,4,119,1,23.0,6,2,True
2023-02-26,4,144,2,85.0,6,2,True
2023-02-26,4,213,1,27.0,6,2,True
2023-02-26,4,223,1,16.0,6,2,True
2023-02-26,4,238,1,30.5,6,2,True
2023-02-26,5,82,1,18.5,6,2,True
2023-02-26,5,91,1,35.5,6,2,True
2023-02-26,5,109,1,19.0,6,2,True
2023-02-26,5,135,2,57.0,6,2,True
2023-02-26,5,171,1,21.0,6,2,True
2023-02-26,5,187,1,25.5,6,2,True
2023-02-26,5,221,1,34.0,6,2,True
2023-02-26,6,83,1,201.5,6,2,True
2023-02-26,6,108,1,242.5,6,2,True
2023-02-26,6,109,1,146.0,6,2,True
2023-02-26,6,145,2,0.0,6,2,True
2023-02-26,6,171,1,163.5,6,2,True
2023-02-26,7,66,1,134.5,6,2,True
2023-02-26,7,109,1,146.0,6,2,True
2023-02-26,8,15,1,192.5,6,2,True
2023-02-26,8,57,1,119.5,6,2,True
2023-02-26,8,82,2,0.0,6,2,True
2023-02-26,8,83,1,201.5,6,2,True
2023-02-26,8,93,1,192.5,6,2,True
2023-02-26,8,187,1,198.5,6,2,True
2023-02-26,8,223,1,122.5,6,2,True
2023-02-26,9,4,1,347.5,6,2,True
2023-02-26,9,56,1,117.0,6,2,True
2023-02-26,9,91,1,274.5,6,2,True
2023-02-26,9,145,1,198.5,6,2,True
2023-02-26,9,160,1,195.5,6,2,True
2023-02-26,9,171,1,163.5,6,2,True
2023-02-26,9,212,1,283.0,6,2,True
2023-02-26,9,238,1,236.5,6,2,True
2023-02-26,9,247,1,268.5,6,2,True
2023-02-26,9,249,1,201.5,6,2,True
2023-02-26,10,83,2,403.0,6,2,True
2023-02-26,10,143,1,277.5,6,2,True
2023-02-26,10,160,3,586.5,6,2,True
2023-02-26,10,186,1,178.0,6,2,True
2023-02-26,10,195,1,260.0,6,2,True
2023-02-26,10,196,2,292.0,6,2,True
2023-02-26,10,197,2,432.0,6,2,True
2023-02-26,10,223,1,-122.5,6,2,True
2023-02-26,10,249,1,201.5,6,2,True
2023-02-26,11,56,3,42.0,6,2,True
2023-02-26,12,145,1,23.8,6,2,True
2023-02-26,12,160,1,23.45,6,2,True
2023-02-26,14,4,1,41.65,6,2,True
2023-02-26,14,109,4,70.0,6,2,True
2023-02-26,14,135,1,26.6,6,2,True
2023-02-26,14,238,1,28.35,6,2,True
2023-02-26,15,160,1,23.45,6,2,True
2023-02-26,16,40,1,11.0,6,2,True
2023-02-26,16,119,1,16.0,6,2,True
2023-02-26,16,186,1,16.0,6,2,True
2023-02-26,16,239,2,25.0,6,2,True
2023-02-26,17,39,1,20.0,6,2,True
2023-02-26,17,67,1,20.0,6,2,True
2023-02-26,17,145,1,18.0,6,2,True
2023-02-26,18,5,3,36.0,6,2,True
2023-02-26,18,223,1,11.0,6,2,True
2023-02-26,19,5,1,12.0,6,2,True
2023-02-26,19,248,1,9.5,6,2,True
2023-02-26,20,31,1,10.0,6,2,True
2023-02-26,20,117,1,21.5,6,2,True
2023-02-26,21,82,1,17.15,6,2,True
2023-02-26,21,92,1,11.9,6,2,True
2023-02-26,21,109,3,52.5,6,2,True
2023-02-26,21,145,1,23.8,6,2,True
2023-02-26,21,169,1,38.5,6,2,True
2023-02-26,23,4,1,41.65,6,2,True
2023-02-26,23,83,1,24.15,6,2,True
2023-02-26,23,108,1,29.05,6,2,True
2023-02-26,23,144,1,-39.55,6,2,True
2023-02-26,23,187,3,71.4,6,2,True
2023-02-26,24,14,2,35.0,6,2,True
2023-02-26,24,239,1,16.45,6,2,True
2023-02-26,25,13,1,21.7,6,2,True
2023-02-26,25,14,1,17.5,6,2,True
2023-02-26,25,83,1,24.15,6,2,True
2023-02-26,25,143,1,33.25,6,2,True
2023-02-26,26,67,1,26.25,6,2,True
2023-02-26,26,171,1,19.6,6,2,True
2023-02-26,26,186,1,21.35,6,2,True
2023-02-26,28,30,1,24.15,6,2,True
2023-02-26,30,39,1,26.25,6,2,True
2023-02-26,30,195,1,-31.15,6,2,True
2023-02-26,31,212,1,33.95,6,2,True
2023-02-26,32,56,1,14.0,6,2,True
2023-02-26,32,91,1,32.9,6,2,True
2023-02-26,32,134,1,-31.85,6,2,True
2023-02-26,32,171,1,19.6,6,2,True
2023-02-26,32,221,1,31.5,6,2,True
2023-02-26,32,238,1,28.35,6,2,True
2023-02-26,35,56,1,14.0,6,2,True
2023-02-26,35,117,1,28.0,6,2,True
2023-02-27,1,4,1,44.5,0,2,False
2023-02-27,1,5,1,17.0,0,2,False
2023-02-27,1,117,1,30.0,0,2,False
2023-02-27,1,169,1,41.5,0,2,False
2023-02-27,1,196,1,19.0,0,2,False
2023-02-27,1,238,1,30.5,0,2,False
2023-02-27,2,15,1,25.0,0,2,False
2023-02-27,2,82,1,18.5,0,2,False
2023-02-27,2,93,1,25.0,0,2,False
2023-02-27,2,119,1,23.0,0,2,False
2023-02-27,2,223,1,16.0,0,2,False
2023-02-27,2,247,1,34.5,0,2,False
2023-02-27,3,41,1,21.0,0,2,False
2023-02-27,4,119,1,23.0,0,2,False
2023-02-27,5,14,1,19.0,0,2,False
2023-02-27,5,39,1,28.0,0,2,False
2023-02-27,5,195,1,33.5,0,2,False
2023-02-27,6,14,1,146.0,0,2,False
2023-02-27,6,39,1,219.0,0,2,False
2023-02-27,6,117,1,233.5,0,2,False
2023-02-27,6,118,1,327.0,0,2,False
2023-02-27,6,212,1,283.0,0,2,False
2023-02-27,7,41,3,490.5,0,2,False
2023-02-27,8,57,1,119.5,0,2,False
2023-02-27,8,91,2,0.0,0,2,False
2023-02-27,8,144,1,330.0,0,2,False
2023-02-27,8,160,1,195.5,0,2,False
2023-02-27,8,223,1,-122.5,0,2,False
2023-02-27,8,247,1,268.5,0,2,False
2023-02-27,8,248,1,102.0,0,2,False
2023-02-27,9,117,1,233.5,0,2,False
2023-02-27,9,135,1,-222.0,0,2,False
2023-02-27,9,160,1,195.5,0,2,False
2023-02-27,9,196,1,146.0,0,2,False
2023-02-27,9,212,1,283.0,0,2,False
2023-02-27,9,223,1,122.5,0,2,False
2023-02-27,10,15,1,192.5,0,2,False
2023-02-27,10,92,1,99.5,0,2,False
2023-02-27,10,221,1,262.5,0,2,False
2023-02-27,10,247,1,268.5,0,2,False
2023-02-27,11,135,1,26.6,0,2,False
2023-02-27,11,186,1,21.35,0,2,False
2023-02-27,12,67,1,26.25,0,2,False
2023-02-27,13,249,2,48.3,0,2,False
2023-02-27,14,65,1,30.45,0,2,False
2023-02-27,15,30,1,24.15,0,2,False
2023-02-27,15,66,1,16.1,0,2,False
2023-02-27,16,223,1,11.0,0,2,False
2023-02-27,17,91,1,25.0,0,2,False
2023-02-27,17,119,3,48.0,0,2,False
2023-02-27,17,134,1,24.0,0,2,False
2023-02-27,17,238,1,21.5,0,2,False
2023-02-27,18,14,1,13.5,0,2,False
2023-02-27,18,119,1,-16.5,0,2,False
2023-02-27,21,161,1,23.8,0,2,False
2023-02-27,22,14,2,35.0,0,2,False
2023-02-27,22,57,1,14.35,0,2,False
2023-02-27,26,41,1,19.6,0,2,False
2023-02-27,26,119,1,21.35,0,2,False
2023-02-27,26,238,1,28.35,0,2,False
2023-02-27,29,31,1,12.95,0,2,False
2023-02-27,30,5,1,15.75,0,2,False
2023-02-27,30,195,1,-31.15,0,2,False
2023-02-27,31,14,1,17.5,0,2,False
2023-02-27,31,109,1,17.5,0,2,False
2023-02-27,31,171,2,39.2,0,2,False
2023-02-27,32,83,1,24.15,0,2,False
2023-02-27,33,93,1,23.1,0,2,False
2023-02-27,34,239,1,16.45,0,2,False
2023-02-28,1,4,3,133.5,1,2,False
2023-02-28,1,67,1,28.0,1,2,False
2023-02-28,1,169,1,41.5,1,2,False
2023-02-28,1,212,1,36.5,1,2,False
2023-02-28,2,15,1,25.0,1,2,False
2023-02-28,2,65,1,32.5,1,2,False
2023-02-28,2,119,1,-23.0,1,2,False
2023-02-28,2,160,1,25.0,1,2,False
2023-02-28,2,170,1,34.0,1,2,False
2023-02-28,2,171,1,21.0,1,2,False
2023-02-28,2,221,1,34.0,1,2,False
2023-02-28,2,247,1,34.5,1,2,False
2023-02-28,2,249,1,26.0,1,2,False
2023-02-28,3,82,1,18.5,1,2,False
2023-02-28,4,13,1,23.5,1,2,False
2023-02-28,4,66,1,17.5,1,2,False
2023-02-28,4,82,1,18.5,1,2,False
2023-02-28,4,109,1,19.0,1,2,False
2023-02-28,4,144,1,42.5,1,2,False
2023-02-28,5,65,1,32.5,1,2,False
2023-02-28,5,145,1,25.5,1,2,False
2023-02-28,5,222,1,18.5,1,2,False
2023-02-28,6,66,1,134.5,1,2,False
2023-02-28,6,117,1,233.5,1,2,False
2023-02-28,6,118,1,327.0,1,2,False
2023-02-28,6,161,1,198.5,1,2,False
2023-02-28,6,221,1,262.5,1,2,False
2023-02-28,6,249,2,403.0,1,2,False
2023-02-28,7,39,1,219.0,1,2,False
2023-02-28,7,143,1,277.5,1,2,False
2023-02-28,7,223,1,122.5,1,2,False
2023-02-28,8,40,1,122.5,1,2,False
2023-02-28,8,108,2,485.0,1,2,False
2023-02-28,8,247,1,268.5,1,2,False
2023-02-28,9,117,1,233.5,1,2,False
2023-02-28,9,135,1,222.0,1,2,False
2023-02-28,9,221,1,262.5,1,2,False
2023-02-28,10,93,1,-192.5,1,2,False
2023-02-28,10,144,1,330.0,1,2,False
2023-02-28,11,144,2,79.1,1,2,False
2023-02-28,12,249,1,24.15,1,2,False
2023-02-28,13,15,1,23.1,1,2,False
2023-02-28,13,161,1,23.8,1,2,False
2023-02-28,13,239,1,16.45,1,2,False
2023-02-28,15,247,1,-32.2,1,2,False
2023-02-28,16,169,1,29.5,1,2,False
2023-02-28,16,170,2,48.0,1,2,False
2023-02-28,16,171,1,15.0,1,2,False
2023-02-28,17,14,1,-13.5,1,2,False
2023-02-28,17,39,1,-20.0,1,2,False
2023-02-28,19,67,2,40.0,1,2,False
2023-02-28,19,134,1,24.0,1,2,False
2023-02-28,19,186,1,16.0,1,2,False
2023-02-28,20,4,1,31.5,1,2,False
2023-02-28,20,40,3,33.0,1,2,False
2023-02-28,20,161,1,18.0,1,2,False
2023-02-28,20,171,1,15.0,1,2,False
2023-02-28,20,187,2,36.0,1,2,False
2023-02-28,20,249,1,18.5,1,2,False
2023-02-28,21,92,1,11.9,1,2,False
2023-02-28,21,239,1,16.45,1,2,False
2023-02-28,22,41,1,19.6,1,2,False
2023-02-28,22,161,1,23.8,1,2,False
2023-02-28,22,212,1,33.95,1,2,False
2023-02-28,23,160,1,23.45,1,2,False
2023-02-28,24,31,1,12.95,1,2,False
2023-02-28,26,135,1,26.6,1,2,False
2023-02-28,26,239,1,16.45,1,2,False
2023-02-28,27,186,1,21.35,1,2,False
2023-02-28,27,249,1,24.15,1,2,False
2023-02-28,29,31,1,12.95,1,2,False
2023-02-28,30,31,1,12.95,1,2,False
2023-02-28,30,117,1,28.0,1,2,False
2023-02-28,30,144,1,39.55,1,2,False
2023-02-28,30,171,1,19.6,1,2,False
2023-02-28,31,134,1,31.85,1,2,False
2023-02-28,32,14,1,17.5,1,2,False
2023-02-28,32,56,3,42.0,1,2,False
2023-02-28,33,4,1,41.65,1,2,False
2023-02-28,33,160,1,23.45,1,2,False
2023-02-28,33,187,1,-23.8,1,2,False
2023-03-01,2,82,1,-18.5,2,3,False
2023-03-01,10,108,1,-242.5,2,3,False
2023-03-01,29,118,1,-39.2,2,3,False
2023-03-02,3,40,1,-16.0,3,3,False
2023-03-02,9,5,1,-131.5,3,3,False
2023-03-02,11,56,1,-14.0,3,3,False
2023-03-02,14,109,3,-52.5,3,3,False
2023-03-02,20,169,1,-29.5,3,3,False
2023-03-03,9,57,1,-119.5,4,3,False
2023-03-03,11,134,1,-31.85,4,3,False
2023-03-03,21,82,1,-17.15,4,3,False
2023-03-04,8,82,1,-143.0,5,3,True
2023-03-04,8,108,1,-242.5,5,3,True
2023-03-04,12,41,1,-19.6,5,3,True
2023-03-04,15,197,1,-25.9,5,3,True
2023-03-04,33,212,1,-33.95,5,3,True
2023-03-04,34,239,1,-16.45,5,3,True
2023-03-04,35,4,1,-41.65,5,3,True
2023-03-05,3,118,1,-42.0,6,3,True
2023-03-05,8,248,1,-102.0,6,3,True
2023-03-05,11,144,1,-39.55,6,3,True
2023-03-05,13,41,1,-19.6,6,3,True
2023-03-05,18,161,1,-18.0,6,3,True
2023-03-05,31,13,2,-43.4,6,3,True
2023-03-06,15,66,1,-16.1,0,3,False
2023-03-07,3,109,1,-19.0,1,3,False
2023-03-07,15,221,1,-31.5,1,3,False
2023-03-07,33,57,3,-43.05,1,3,False
2023-03-08,2,56,1,-15.0,2,3,False
2023-03-08,26,134,1,-31.85,2,3,False
2023-03-09,35,4,1,-41.65,3,3,False
2023-03-10,14,187,1,-23.8,4,3,False
2023-03-10,26,247,1,-32.2,4,3,False
2023-03-11,15,30,1,-24.15,5,3,True
2023-03-13,35,4,1,-41.65,0,3,False
2023-03-14,18,40,1,-11.0,1,3,False
2023-03-14,24,41,1,-19.6,1,3,False
2023-03-15,13,15,1,-23.1,2,3,False
2023-03-15,13,40,1,-14.7,2,3,False
2023-03-15,13,161,1,-23.8,2,3,False
2023-03-18,16,144,1,-30.0,5,3,True
2023-03-19,13,15,1,-23.1,6,3,True
2023-03-21,13,160,1,-23.45,1,3,False
2023-03-21,28,92,1,-11.9,1,3,False
